CustomerID,Items
127269,"['48187N', '20685H', '48194E', '16219C', '48188P', '48173CT', '48138T', '48185J', '22690X', '21955E', '48116K', '21523L', '72802CE', '71477B', '82583N', '21181K', '23284M', '23077P', '85185BY', '72802BO', '16045M', '84077K', '21908X', '21621T', '23005J', '85099CQ', '48111G', '23084M', '22985B', '23056D', '21609B', '72807CP', '21391B', '79191CA', '23531S', '23530G', '21900A', '23133S', '21166I', '84926EY', '85152E', '22102P', '84997BG', '22988D', '22692J', '23529E', '21980L', '21232B', '21326V', '22188M', '85232BG', '23004D', '82482D', '23541C', '23400Q', '23525T', '21902W', '84946F', '21899D', '23122S', '22577B', '22178V', '84949O', '81952BK', '15034D', '48129Y', '23200Y', '22469S', '21700U', '22103E', '84978X', '84029EX', '22783G', '23170S', '22440M', '23343M', '22348L', '22385P', '84313CE', '23076Z', '23301G', '23270T', '21877C', '23326S', '35953W', '22197J', '23344R', '22411U', '22386V', '84879M', '22855Q', '21984W', '21498M', '22780U', '23055P', '23071Z', '21916D', '21718N', '84926AC', '23072K', '84050K', '84755J', '23300F', '22418R', '22086O', '82494LP', '47593BL', '23309L', '20971S', '23226J', '21703M', '23132P', '22983O', '84660CD', '21669G', '22986P', '20992N', '23119M', '22155O', '23354R', '21069U', '84660BF', '16237N', '21889K', '22659F', '23508J', '82484O', '23199M', '22620B', '82582N', '79321V', '21931F', '21985C', '22699D', '22652D', '23334M', '23172Q', '21891R', '22697A', '23175H', '23228Z', '23570W', '21084K', '23245W', '16235A', '23113X', '20676O', '23581R', '23171H', '20719E', '20726C', '23204B', '22599V', '23057O', '21905C', '22219N', '23321O', '22459S', '22488P', '23307D', '22579W', '22598V', '22609U', '22629C', '21137F', '72803AM', '23331G', '72351BE', '21791H', '21733F', '22867O', '22959R', '21500P', '47566BG', '22993E', '23264K', '23263V', '23322J', '23266U', '90191S', '23209X', '22355U', '20914Q', '21430A', '21731V', '21875C', '21897X', '21898V', '21986A', '22030B', '22128V', '22464B', '23208E', '22494U', '22571W', '22585G', '23437J', '22691G', '22775S', '23173W', '23176Z', '23203B', '23436I', '22727B', '72351AA', '47566Y', '23550P', '82551H', '85230GS', '84692Z', '23571G', '22109D', '23231J', '84660AU', '20728Z', '20733F', '22130P', '22158K', '23202Z', '84380W', '21390P', '71459J', '23333X', '21439F', '23506M', '22467G', '84596BQ', '22908G', '22173N', '22741O', '84536AK', '22728B', '21892U', '22037V', '23283I', '22766P', '21292J', '37327B', '21174F', '23438M', '21811V', '85132CX', '23371H', '22966E', '22094G', '23078Y', '84992D', '22601T', '22791E', '22174M', '22333G', '22294U', '22340Z', '22295V', '85107Y', '22356T', '21918L', '22916M', '21716W', '84997AH', '21871Y', '22050N', '47559BK', '22051L', '23159Q', '21787C', '21785M', '22101I', '23205F', '21715T', '23177K', '21668N', '23186V', '22938X', '51014CF', '23201S', '22918F', '51014AW', '23265T', '22365S', '22698C', '22558H', '21015F', '22466O', '22726C', '16259V', '23329B', '22707D', '23504V', '22732E', '22594A', '22662G', '72741B', '23351C', '23372N', '82599S', '23356F', '79163I', '85230BW', '22771L', '23319Q', '22382I', '21179M', '23310X', '22597M', '82483P', '82600H', '22098N', '22578A', '22625P', '22581L', '22967M', '22614B', '22087E', '21930O', '22661W', '22999A', '22603Q', '47590AN', '84970SL', '21983K', '84818C', '22602D', '22600F', '22039V', '22595D', '22041A', '22572W', '22940N', '22957K', '84663AD', '84987W', '22748P', '22334J', '22383K', '22745M', '22810S', '22305S', '22736S', '22851J', '22429T', '22733V', '47599BN', '22227K', '84596FA', '22187R', '22452K', '22457C', '22917U', '22919F', '22921W', '72232C', '22534C', '22156L', '22537N', '22366J', '22548G', '22554P', '22945X', '22557Z', '37370Z', '82001SP', '23093U', '21094A', '21090G', '21519A', '21012K', '23330V', '23193C', '23332P', '21619X', '21642S', '23187K', '20975Y', '23582G', '23174D', '20973S', '21745D', '20750C', '23207R', '23213E', '23353X', '21499T', '23269G', '23538H', '21231K', '21314Q', '21212D', '21394I', '85132BP', '21169G', '21165F', '21164D', '21162S', '21424R', '21428B', '23549U', '23320Z', '20725N', '23521G', '23374A', '10135P', '16169EL', '23373C', '35961N', '15056ND', '23148U', '15056BLH', '35970L', '21844I', '23154P', '23155O', '17084RT', '10133M', '23101Y', '23355Z', '23439A', '85230EY', '23157X']"
227268,['20668K']
327267,"['84077K', '17003M', '15036Z', '22740K', '22197J', '21175V', '21977R', '22266W', '85099BJ', '85123AY', '84879M', '22386V', '20724F', '85078B', '22355U', '23343M', '85204U', '22178V', '85099FC', '84755J', '22741O', '22952P', '20719E', '22489J', '84946F', '22161W', '71459J', '22659F', '20725N', '23199M', '84929V', '71477B', '22130P', '84978X', '23206T', '21181K', '16219C', '23210F', '23212C', '35923D', '72232C', '79000Z', '21931F', '21213V', '20712E', '21980L', '21981M', '84945I', '22985B', '20728Z', '21080R', '20723U', '22356T', '21975B', '84991R', '23203B', '22383K', '22411U', '23344R', '22418R', '23310X', '22469S', '22629C', '85099CQ', '22536B', '23209X', '23204B', '23268O', '22578A', '47566Y', '23205F', '20974J', '23378J', '23076Z', '21326V', '21094A', '79321V', '22993E', '22951B', '48187N', '22961C', '22966E', '21790Y', '23307D', '22969Z', '21889K', '21498M', '72741B', '22988D', '21703M', '22991T', '23263V', '23170S', '23200Y', '23201S', '23077P', '22865Y', '82583N', '22030B', '22560W', '22561Z', '22577B', '22158K', '84970SL', '22652D', '22151L', '84947R', '22699D', '22086O', '22759Z', '22294U', '22286L', '22555O', '22384W', '22423U', '21984W', '84029EX', '22417M', '22379G', '22268P', '22546L', '23207R', '22540W', '22385P', '22533C', '22267I', '23225T', '23230A', '23366F', '22554P', '23231J', '22534C', '22470E', '23293D', '21523L', '21509I', '22440M', '22531M', '23202Z', '21499T', '22287S', '23275I', '23280V', '23321O', '23281Z', '23313G', '22467G', '21479J', '23245W', '22563R', '22556N', '22087E', '22077P', '22771L', '21914B', '22791E', '21918L', '22029R', '21928E', '21929W', '21930O', '21932M', '21933N', '22910D', '22909Z', '22908G', '22866X', '22970T', '22983O', '22558H', '22728B', '23171H', '21700U', '21976M', '21733F', '23121M', '22564D', '21791H', '23078Y', '22610S', '21845L', '22992G', '22697A', '22698C', '22114V', '22090X', '21232B', '23167J', '20685H', '40016U', '35970L', '20975Y', '16045M', '20972O', '82482D', '21166I', '20971S', '85194SR', '79164C', '20726C', '84692Z', '15056ND', '20727V', '21124F', '21136P', '20676O', '16237N', '20711L', '23581R']"
162738,"['22492E', '21212D']"
252747,"['84347V', '22492E', '85099BJ', '85099FC', '22386V', '84879M', '22759Z', '15034D', '84568Z', '22379G', '21787C', '22865Y', '22866X', '84946F', '22381J', '22659F', '22178V', '22633V', '22536B', '85099CQ', '84947R', '22423U', '23170S', '47556BE', '21928E', '23203B', '23199M', '23171H', '21977R', '22385P', '21931F', '84755J', '22149E', '22632O', '21929W', '22629C', '22610S', '71477B', '21790Y', '23209X', '21181K', '22791E', '22920I', '20974J', '22065D', '84945I', '22411U', '22560W', '22302N', '22301J', '21918L', '20711L', '22998M', '21703M', '21642S', '85175B', '23201S', '84992D', '22555O', '16219C', '22630B', '23207R', '21212D', '21068Y', '48111G', '22961C', '84988Y', '23202Z', '22303W', '23175H', '22304I', '22294U', '23206T', '22300C', '22142B', '22151L', '22727B', '23174D', '23172Q', '47566Y', '22646J', '22940N', '22621P', '22966E', '22578A', '22564D', '22992G', '22493I', '23328X', '22741O', '23077P', '23122S', '23245W', '22383K', '23117T', '22692J', '22150K', '21380E', '21499T', '21704M', '21066X', '21070F', '20975Y', '21731V', '20963G', '20961S', '82482D', '84950I', '21080R', '84929V', '20725N', '21094A', '84991R', '17096D', '85152E', '21156K', '47591DY', '71459J', '21232B', '11001M', '16045M', '75049LA', '21137F', '48116K']"
347247,"['22961C', '22727B', '85175B', '85152E', '22457C', '23497Q', '23552T', '23498F', '21175V']"
442755,['20668K']
342756,"['22610S', '16045M', '22065D', '22578A', '85175B', '23268O']"
57240,['22492E']
357237,['84077K']
531765,"['84077K', '22492E']"
131769,"['85123AY', '22197J', '84992D', '20668K', '21212D']"
31770,['22616B']
78219,['84568Z']
511785,"['21829T', '17003M']"
108189,['22197J']
171828,['84568Z']
530865,"['21787C', '22693N', '21212D', '22616B', '47566BG', '85099BJ', '16156SH', '84879M', '22710N', '22197J', '23232F', '22355U', '22629C', '21135E', '20668K', '21497K', '85123AY', '22630B', '21506J', '16161UB', '20724F', '22713C', '20719E', '21121C', '22551F', '84755J', '22178V', '22554P', '23233W', '21498M', '22659F', '71459J', '20723U', '22029R', '22985B', '20712E', '22174M', '22243L', '23230A', '21731V', '84946F', '85099FC', '22356T', '22951B', '21166I', '23431D', '21213V', '22386V', '22030B', '21871Y', '23203B', '22417M', '23204B', '84991R', '22045U', '21976M', '22908G', '23309L', '21499T', '22632O', '21500P', '23310X', '47566Y', '21069U', '22988D', '23268O', '22086O', '22661W', '22662G', '22759Z', '22666I', '22741O', '21181K', '22714G', '75049LA', '21980L', '16161PA', '23201S', '23076Z', '22382I', '21559P', '84945I', '84947R', '22302N', '20974J', '21877C', '84950I', '85099CQ', '22303W', '22326L', '21620I', '23206T', '21874B', '22558H', '22301J', '20728Z', '79321V', '22992G', '22245R', '22993E', '21326V', '22578A', '22998M', '82580N', '20727V', '82583N', '21891R', '20726C', '20725N', '22384W', '84988Y']"
269127,['84077K']
510885,['22197J']
189108,['22595D']
500895,['16045M']
100899,['21703M']
399096,['47566BG']
309087,['85175B']
380916,"['22197J', '21977R', '22151L', '23084M', '21137F', '23115D', '21212D', '21213V', '84991R', '22998M', '21982Y', '21975B', '21985C', '75049LA', '22355U', '23310X', '20724F', '23171H', '22178V', '22469S', '16045M', '20719E', '21900A', '84755J', '22920I', '84568Z', '71459J', '84978X', '23170S', '20723U', '22243L', '22130P', '21899D', '23077P', '22578A', '75131T', '85099BJ', '22065D', '79321V', '84946F', '22554P', '22470E', '22951B', '21902W', '84992D', '22910D', '21175V', '22086O', '22030B', '21731V', '23204B', '85099CQ', '22417M', '15036Z', '21790Y', '21791H', '23206T', '22577B', '22961C', '84212C', '22610S', '23230A', '21498M', '22740K', '21889K', '23176Z', '22966E', '21621T', '21733F', '21931F', '23199M', '23076Z', '23175H', '23174D', '23203B', '20971S', '84508AE', '22993E', '22996P', '21929W', '21976M', '22960K', '22356T', '23570W', '23374A', '23571G', '22560W', '22558H', '22666I', '22699D', '22741O', '21232B', '20712E', '21326V', '47566Y', '22489J', '22466O', '22952P', '22029R', '20728Z', '22411U', '20725N', '84945I', '22382I', '84970SL', '20726C', '22585G', '23201S', '23581R', '23205F', '21210C', '23209X', '23344R', '21385E', '21669G', '23275I', '23293D', '23245W', '23294M', '23301G', '23307D', '23232F', '21704M', '23231J', '23309L', '23321O', '23270T', '21500P', '21499T', '23298Q', '22667K', '23177K', '23157X', '22114V', '22771L', '22662G', '22661W', '22659F', '22266W', '22596T', '22593E', '22300C', '22301J', '22302N', '22303W', '22326L', '22556N', '22343N', '22530D', '22383K', '22384W', '22435K', '22084R', '22077P', '22867O', '23078Y', '23154P', '21810L', '21811V', '23144I', '23121M', '23114G', '21871Y', '21892U', '21916D', '22907C', '21918L', '21930O', '22992G', '22970T', '22969Z', '22944W', '22041A', '22908G', '21181K', '23166P', '84692Z', '84029EX', '20973S', '21080R', '21084K', '21166I', '79000Z', '21124F', '20974J', '20727V', '16161PA', '84949O', '20975Y', '21070F', '21122K', '20718A', '84378P', '84997BG', '85099FC', '20914Q', '21121C', '21068Y']"
219078,['22189I']
419076,"['84212C', '22189I', '15034D']"
370926,['84568Z']
129069,"['84077K', '23084M', '84879M', '22616B', '22355U', '20724F', '84347V', '72232C', '21620I', '21967J', '22178V', '20719E', '23204B', '22030B', '21098K', '23206T', '84755J', '20723U', '22356T', '85099BJ', '20725N', '21731V', '71459J', '20728Z', '20974J', '23203B', '22951B', '23209X', '22243L', '23310X', '79323BM', '23205F', '22554P', '23343M', '22991T', '22086O', '84946F', '21498M', '23077P', '23199M', '21121C', '62018W', '21931F', '22578A', '21918L', '84950I', '22564D', '21497K', '22741O', '22988D', '23121M', '16156SH', '23076Z', '22659F', '22383K', '22992G', '22577B', '22384W', '23215I', '22411U', '84947R', '23201S', '21422L', '21326V', '84978X', '47566Y', '21080R', '21790Y', '22710N', '20712E', '23268O', '23232F', '84029EX', '21479J', '79321V', '22561Z', '22610S', '22558H', '22728B', '21980L', '23309L', '23344R', '22493I', '21787C', '22029R', '21976M', '22326L', '22661W', '84692Z', '84945I', '20972O', '85099CQ', '20726C', '84970SL', '23288S', '21124F', '79000Z', '21499T', '21506J', '22908G', '22910D', '23078Y', '22727B', '22726C', '22993E', '22418R', '40016U', '22114V', '21810L', '35961N', '22712N', '21829T', '84997CQ', '22027K', '22985B', '21916D', '84997DC', '22417M', '20718A', '16161UB', '23122S', '23207R', '22595D', '22560W', '22556N', '21232B', '16161PA', '23200Y', '23307D', '21791H', '22440M', '20971S', '23300F', '23301G', '22961C', '22713C', '20727V', '23298Q', '23294M', '22467G', '22609U', '22489J', '22189I', '20975Y', '23119M', '22998M', '23355Z', '22077P', '22045U', '11001M', '21181K', '22804V', '21975B', '22983O', '21915K', '21930O', '23293D', '21928E', '21500P', '84949O', '23245W', '23233W', '21385E', '82583N', '22303W', '22302N', '23230A', '22301J', '23202Z', '22300C', '16237N', '22294U', '23285I', '22791E', '23286O', '23281Z', '22834J', '21166I', '21929W', '23240L', '22907C', '23231J', '21984W', '21068Y', '21066X', '23123F', '22386V', '21070F', '23243L', '21932M', '21936G', '22382I', '22608F', '22900U', '22333G', '23290W', '22579W', '22423U', '16008I', '85099FC', '22621P', '23321O', '22629C', '22130P', '22304I', '22491V', '22585G', '22652D', '22112V', '22551F', '85175B', '21871Y', '84970LF', '22771L', '21507E', '35970L', '22966E', '75049LA', '21672A', '21673M', '84988Y', '22969Z', '79030GK', '21136P', '21394I', '22740K', '21135E', '22962X', '21481J', '21390P', '84380W', '72741B', '21238G', '21122K', '22952P', '21430A', '22722E', '22699D', '22704P', '22720A', '21668N', '84997BG', '23581R', '21669G', '21509I', '21889K', '82600H', '21154F', '20677D', '20676O', '22338I', '22352Z', '23238P', '21495P', '84836J', '22348L', '82482D', '22331U', '23256O', '22729W', '84929V', '71477B', '85150Z', '21917S', '85152E', '20675E', '21240N', '22470E', '23168M', '22567D', '22898W', '23157X', '22549T', '21231K', '22553Q', '21218O', '22555O', '22772B', '22557Z', '84596BQ', '84596GP', '22466O', '23103F', '22573R', '21156K', '20668K', '21429E', '21559P', '23208E', '21395V', '82580N', '21314Q', '22457C', '84029GV', '21287D', '21169G', '15056ND', '85204U', '21242V', '82494LP', '51014AW', '51014CF', '22646J', '21811V', '35953W', '23351C', '23354R', '22970T', '21078I', '22087E', '23367M', '22084R', '22996P', '22867O', '22711H', '22075W', '22662G', '22041A', '22037V', '21875C', '20984B', '20992N', '22986P', '23582G', '22984H', '23571G', '23493H', '23570W', '21908X', '22697A', '21933N', '22979P', '37370Z', '22090X', '22614B', '47566BG', '47503AN', '21704M', '22129R', '21746N', '23296Z', '20829J', '23295P', '21671K', '22154A', '22144E', '21670S', '23319Q', '21094A', '22792D', '22191G', '22219N']"
460935,"['16156SH', '21497K', '22710N', '22713C', '23232F', '85099BJ', '21506J', '16161UB', '23233W', '85099FC', '22386V', '21874B', '22045U', '22029R', '21871Y', '22379G', '21498M', '22030B', '22759Z', '21877C', '21873C', '23117T', '71459J', '21069U', '22273M', '84946F', '21181K', '21108Z', '72741B', '20971S', '21703M', '22178V', '23230A', '23231J', '22791E', '22111I', '71477B', '79323BM', '22741O', '22637S', '22149E', '21495P', '16045M', '16161PA', '21499T', '21500P', '22865Y', '22507V', '18007N', '20668K', '22985B', '84947R', '84945I', '22834J']"
360936,"['85175B', '84077K']"
139059,"['85099BJ', '85099FC', '22386V', '20724F', '22355U', '22178V', '22759Z', '23199M', '22379G', '20719E', '23204B', '23206T', '23209X', '84946F', '20725N', '22030B', '20712E', '22470E', '85099CQ', '22961C', '22629C', '22469S', '21931F', '20728Z', '23205F', '22411U', '84947R', '22865Y', '21929W', '21121C', '20723U', '22727B', '22866X', '22554P', '21181K', '84755J', '23200Y', '22356T', '71459J', '71477B', '22243L', '21928E', '22383K', '22029R', '23203B', '22102P', '21137F', '22728B', '21733F', '22151L', '21731V', '22086O', '79321V', '23201S', '21080R', '23121M', '22384W', '20726C', '22610S', '23202Z', '22385P', '23344R', '22326L', '22423U', '22556N', '21703M', '22381J', '84945I', '22969Z', '22951B', '22791E', '22741O', '21620I', '84029EX', '22103E', '22440M', '47566Y', '22555O', '22993E', '23245W', '22633V', '22630B', '21232B', '22294U', '84929V', '20711L', '35961N', '23310X', '22616B', '22558H', '23231J', '21498M', '75049LA', '79323BM', '22659F', '22417M', '22908G', '21976M', '23170S', '20727V', '22457C', '21326V', '22661W', '23293D', '21509I', '22149E', '84978X', '22952P', '22467G', '21124F', '84997BG', '84997CQ', '85152E', '84949O', '48111G', '21385E', '22382I', '23122S', '22726C', '48116K', '21086B', '16156SH', '23281Z', '22985B', '16161PA', '20984B', '22041A', '21500P', '21094A', '23240L', '21497K', '22418R', '22027K', '21499T', '21507E', '23076Z', '23078Y', '22632O', '16216D', '84692Z', '22609U', '21930O', '90057R', '84997DC', '23294M', '22577B', '22551F', '22578A', '22557Z', '23497Q', '23077P', '22834J', '22804V', '84596GP', '21980L', '16237N', '22646J', '22910D', '22608F', '23171H', '21918L', '22652D', '84970SL', '21830E', '23307D', '22714G', '72741B', '22983O', '82482D', '22963K', '22712N', '23296Z', '22697A', '17096D', '23581R', '21672A', '22699D', '21790Y', '22142B', '21429E', '21166I', '23290W', '23232F', '23552T', '22352Z', '22651T', '23295P', '23355Z', '21390P', '21218O', '22101I', '21506J', '23498F', '21240N', '23208E', '85204U', '21238G', '22114V', '21156K', '21210C', '23123F', '20973S', '21981M', '21669G', '22710N', '22690X', '22729W', '22771L', '22692J', '22988D', '21668N', '22720A', '21975B', '22984H', '20961S', '22704P', '20668K', '22960K', '21936G', '21914B', '47566BG', '22460J', '23114G', '22959R', '84970LF', '23119M', '22666I', '23172Q', '23144I', '84997AH', '21810L', '21559P', '22662G', '23301G', '22716A', '23321O', '23309L', '22867O', '23182N', '21891R', '22617A', '22553Q', '22817Z', '21934D', '22907C', '22567D', '21932M', '21380E', '22579W', '23353X', '21917S', '22112V', '23298Q', '23289K', '22909Z', '21670S', '23174D', '22435K', '23207R', '22028K', '23115D', '21986A', '22631M', '23056D', '23230A', '21984W', '23233W', '21671K', '23297N', '22986P', '22698C', '21428B', '22084R', '23284M', '23286O', '23288S', '23175H', '21394I', '22962X', '22491V', '22087E', '22585G', '21078I', '20992N', '22348L', '51014CF', '21136P', '20676O', '37370Z', '22141S', '20718A', '22161W', '35970L', '22150K', '22130P', '82580N', '22367K', '84596BQ', '35610AZ', '82582N', '23546H', '20975Y', '84029GV', '23582G', '21122K', '22144E', '21231K', '15056ND', '47591DY', '48138T', '22131I', '15036Z', '85212R', '15056BLH', '22333G', '22338I', '20963G', '16169EL', '84375E', '22303W', '82600H', '48194E', '23134S', '23135J', '20972O', '22956D', '20971S', '22301J', '22077P', '21811V', '22923F', '22922K', '21818Q', '84212C', '23082N', '22966E', '22147L', '21644N', '22999A', '22997O', '21673M', '48187N', '22139Q', '22989L', '82494LP', '70006O', '23083I', '23055P', '51014AW', '23100G', '22083G', '22970T', '22090X', '21770E', '22900U', '85150Z', '22722E', '21935J', '21937S', '20675E', '22174M', '21987U', '22570W', '22024W', '22025A', '85123AY', '16259V', '22663L', '22219N', '22898W', '22645V', '16008I', '22037V', '22621P', '22620B', '22614B', '22613A', '10135P', '10133M', '22045U', '22047L', '22597M', '20685H', '22730Z', '21933N', '22734C', '84380W', '22153K', '22855Q', '21558V', '22851J', '20914Q', '21871Y', '22297H', '22835R', '22818I', '22296X', '22816Q', '21877C', '22812G', '21880B', '84536AK', '21881M', '21882L', '84568Z', '84596FA', '22154A', '22773H', '22772B', '22155O', '20750C', '22075W', '23103F', '23550P', '21519A', '21495P', '23243L', '23445C', '23173W', '22105F', '23187K', '21508L', '21481J', '23437J', '47503AN', '21242V', '23493H', '23431D', '21154F', '23300F', '23436I', '37340T', '21213V', '23319Q', '22095Q', '23545U', '23287L', '22331U', '21313C', '23551L', '22128V', '21314Q', '21174F', '23351C', '23318Z', '23285I', '23354R', '23583L', '23236J', '23322J']"
339057,['22693N']
150948,"['22197J', '84992D']"
149049,"['22102P', '22103E']"
340956,"['21213V', '21975B', '84991R', '22151L', '21977R', '84992D', '16045M', '21212D', '22952P', '22197J', '20724F', '22355U', '20719E', '22178V', '22998M', '22610S', '20723U', '22951B', '22693N', '22086O', '22961C', '22130P', '23310X', '22065D', '84347V', '23204B', '23270T', '84946F', '22909Z', '23378J', '22356T', '23206T', '22189I', '84755J', '20971S', '22243L', '22554P', '23077P', '84978X', '71459J', '20712E', '22029R', '20713F', '20728Z', '79321V', '22993E', '22920I', '23293D', '85099BJ', '22386V', '21181K', '22578A', '22969Z', '23203B', '84945I', '23171H', '23571G', '20725N', '23199M', '22910D', '23581R', '23076Z', '23232F', '23121M', '21703M', '21498M', '21497K', '21790Y', '22303W', '21976M', '16161PA', '21981M', '23309L', '21137F', '23321O', '22457C', '21232B', '22417M', '22577B', '22411U', '23344R', '23374A', '22328M', '23380Y', '22302N', '22558H', '22556N', '22609U', '23300F', '23570W', '23294M', '22030B', '23297N', '22741O', '21121C', '23245W', '23296Z', '23205F', '23233W', '21385E', '21326V', '21499T', '21500P', '23209X', '23376B', '23230A', '23301G', '23307D', '23295P', '22867O', '23170S', '22418R', '22666I', '22662G', '22661W', '22539E', '22489J', '22174M', '22466O', '22273M', '22714G', '22384W', '22383K', '22382I', '22379G', '22300C', '22301J', '22326L', '22094G', '22727B', '21591D', '22950F', '23154P', '22304I', '21731V', '23078Y', '22992G', '21810L', '22960K', '21889K', '22045U', '22908G', '21166I', '21928E', '21931F', '22791E', '22771L', '22027K', '23381G', '21669G', '47566Y', '21070F', '21154F', '20727V', '84970SL', '40016U', '17003M', '84029EX', '84692Z', '35961N', '21068Y', '16235A', '23582G', '71477B', '21066X', '16156SH', '21080R', '85152E', '85099CQ', '20726C']"
240957,['84077K']
459036,"['22151L', '85123AY', '84879M', '22595D', '21497K', '21135E', '22952P', '85099BJ', '22992G', '82583N', '23113X', '20974J', '16156SH', '22991T', '21137F', '22386V', '84950I', '21108Z', '23203B', '22578A', '22189I', '23232F', '22564D', '84755J', '22469S', '21326V', '22710N', '22178V', '71459J', '22045U', '23230A', '22493I', '22969Z', '79164C', '23201S', '23115D', '85099FC', '82580N', '82600H', '21166I', '22577B', '20724F', '21181K', '23215I', '22355U', '22030B', '21506J', '22950F', '22666I', '22713C', '84946F', '22561Z', '21498M', '22413V', '23207R', '47566Y', '84947R', '22759Z', '21500P', '22411U', '22961C', '22356T', '11001M', '85106U', '22960K', '22379G', '22610S', '22615Z', '22616B', '23298Q', '22384W', '23510V', '23233W', '23507E', '22741O', '21733F', '22086O', '23199M', '23076Z', '16161UB', '20712E', '20725N', '22029R', '84992D', '21981M', '22865Y', '22993E', '20719E', '22909Z', '21931F', '22470E', '22489J', '75049LA', '23170S', '84945I', '22910D', '84978X', '84836J']"
429966,['22189I']
229968,"['22151L', '21703M', '22492E']"
29970,"['17003M', '20713F']"
70029,['22151L']
370026,['20713F']
319977,['22151L']
119979,['20668K']
19980,"['22693N', '15036Z']"
380016,['17003M']
109989,['22151L']
399996,"['22197J', '22492E', '21915K', '22693N', '23084M', '23115D', '21137F', '22151L', '22102P', '85123AY', '16045M', '21982Y', '22103E', '75049LA', '22595D', '21985C', '85099BJ', '21891R', '75131T', '22086O', '21700U', '84988Y', '23203B', '21135E', '85099CQ', '23056D', '22961C', '22101I', '47566BG', '71459J', '21212D', '84755J', '84978X', '22536B', '79321V', '22560W', '22998M', '22030B', '82583N', '21931F', '21790Y', '21977R', '21731V', '22065D', '22666I', '47566Y', '22950F', '23202Z', '23201S', '23200Y', '23199M', '23170S', '23166P', '23077P', '23055P', '22910D', '22189I', '22740K', '22630B', '22382I', '22355U', '22304I', '22303W', '22301J', '22300C', '22302N', '22266W', '21070F', '20713F', '21498M', '85099FC', '21068Y', '20719E', '21166I', '23057O', '23310X', '22960K', '23344R', '85150Z', '22964E', '22966E', '22969Z', '22988D', '21066X', '20712E', '21181K', '20971S', '23326S', '22178V', '22174M', '22158K', '23076Z', '22558H', '22384W', '23117T', '22386V', '22667K', '22663L', '22662G', '23431D', '20726C', '22629C', '20724F', '20727V', '22593E', '22585G', '22584Q', '22771L', '22791E', '21621T', '22554P', '22507V', '20914Q', '20723U', '22417M', '22413V', '22411U', '20668K', '22993E', '21232B', '23171H', '82580N', '21929W', '84947R', '21928E', '82600H', '21914B', '84945I', '84378P', '21889K', '21874B', '21871Y', '21810L', '16161PA', '21704M', '84879M', '23206T', '23209X', '23245W', '23232F', '82484O', '84946F', '20725N', '84991R', '21326V', '22029R', '23298Q']"
99999,"['21982Y', '21985C', '22998M', '21967J', '22355U', '20724F', '21497K', '84347V', '16156SH', '20719E', '22469S', '71459J', '22710N', '84991R', '22951B', '84755J', '22178V', '23232F', '22489J', '22417M', '21213V', '21135E', '23230A', '21975B', '22470E', '22086O', '22029R', '22952P', '82583N', '23204B', '21166I', '23005J', '20723U', '23077P', '22356T', '22045U', '22554P', '21891R', '20712E', '21790Y', '84978X', '22030B', '22243L', '23206T', '84992D', '16161UB', '21498M', '21506J', '23171H', '82600H', '20728Z', '21121C', '82580N', '20971S', '21931F', '22491V', '21733F', '22273M', '22713C', '22578A', '22741O', '21108Z', '22969Z', '22130P', '20725N', '22560W', '22418R', '22382I', '84946F', '23293D', '22383K', '23233W', '84945I', '23199M', '21621T', '22384W', '21731V', '21124F', '23231J', '22411U', '22661W', '23076Z', '22610S', '21499T', '21326V', '84508AE', '22027K', '23121M', '22856A', '22585G', '47566Y', '21500P', '23378J', '21080R', '22326L', '22834J', '16161PA', '23205F', '85099BJ', '85099CQ', '84970SL', '23344R', '22910D', '21976M', '20726C', '23307D', '22158K', '21981M', '22558H', '23310X', '23167J', '22993E', '23294M', '21181K', '22343N', '22577B', '22556N', '22996P', '23209X', '79323BM', '79321V', '22386V', '23078Y', '23510V', '22114V', '21871Y', '21212D', '21206X', '21232B', '23507E', '21174F', '21509I', '21495P', '21558V', '21704M', '23301G', '23300F', '23295P', '23309L', '21669G', '22197J', '23200Y', '23321O', '21672A', '23157X', '23144I', '23380Y', '23281Z', '21385E', '23202Z', '22609U', '22147L', '22704P', '23268O', '23203B', '22631M', '23122S', '21668N', '22662G', '84949O', '22531M', '22346F', '22345K', '22466O', '84947R', '20676O', '22102P', '22344M', '84836J', '22771L', '22534C', '84692Z', '21928E', '21914B', '62018W', '21929W', '21930O', '72232C', '75049LA', '21983K', '20973S', '20727V', '20972O', '22908G', '22909Z', '18007N', '22467G', '84988Y', '35961N', '23581R', '23571G', '23570W', '21122K', '85175B', '22551F', '22103E', '22555O', '22804V', '84997BG']"
160038,['17003M']
349947,"['84879M', '21175V', '22595D', '21212D', '85123AY', '85099BJ', '22952P', '84950I', '85099FC', '22189I', '22386V', '22759Z', '22909Z', '22950F', '84946F', '22379G', '23203B', '23215I', '22578A', '21731V', '22865Y', '22551F', '22629C', '22493I', '22630B', '22178V', '22564D', '22130P', '23378J', '22961C', '23343M', '22086O', '22991T', '22992G', '20974J', '22910D', '22615Z', '22577B', '22561Z', '23344R', '22866X', '23077P', '23201S', '22191G', '23207R', '23268O', '11001M', '22355U', '23298Q', '21703M', '84978X', '21326V', '21121C', '85099CQ', '20719E', '21791H', '84755J', '21790Y', '21181K', '20724F']"
440055,"['21069U', '21871Y', '21877C', '84879M', '21977R', '23201S']"
489105,"['21108Z', '22595D', '22952P', '23270T', '21915K', '84347V', '22909Z', '22961C', '22086O', '22457C', '85099BJ', '20668K', '22741O', '21918L', '23378J', '22727B', '22610S', '22950F', '22386V', '22197J', '22540W', '22969Z', '22659F', '22130P', '21497K', '84946F', '22178V', '23268O', '23497Q', '22578A', '21916D', '23077P', '22910D', '22615Z', '16045M', '85152E', '23498F', '71459J', '21137F', '23285I', '23286O', '23288S', '23309L', '21213V', '22616B', '21791H', '23310X', '23340L', '23552T', '22355U', '21326V', '23380Y', '23381G', '22531M', '84755J', '22489J', '22577B', '84879M', '23203B', '21975B', '21977R', '22158K', '22096G', '22865Y', '84978X', '21891R', '21981M', '23571G', '23170S', '23570W', '21787C', '23581R', '22379G', '21931F', '22945X', '35095BN', '23115D', '23078Y', '22094G', '21181K', '22077P', '35095AT', '22867O', '21914B', '23230A', '23298Q', '23300F', '23307D', '23243L', '21871Y', '23232F', '22759Z', '23343M', '23201S', '23344R', '22151L', '21500P', '21889K', '21498M', '22866X', '22418R', '22411U', '22328M', '22993E', '85175B', '84991R', '84947R', '22609U', '21069U', '85099CQ', '21080R', '21086B', '85099FC', '22546L', '22543G', '71477B', '22544C', '20719E', '22536B', '22533C', '22534C']"
320877,['22189I']
420876,"['85099BJ', '22492E', '85099FC', '22328M', '22386V', '22759Z', '22379G', '85175B', '22629C', '16156SH', '21703M', '84946F', '22630B', '21497K', '20724F', '22710N', '21212D', '21900A', '21731V', '84879M', '22865Y', '22178V', '22740K', '84947R', '22555O', '21181K', '22551F', '21902W', '21899D', '22866X', '21121C', '71477B', '21929W', '23199M', '23206T', '22029R', '23115D', '23209X', '21874B', '85099CQ', '85123AY', '21137F', '22355U', '84755J', '22969Z', '22381J', '16161UB', '22713C', '23232F', '20725N', '22385P', '21877C', '22423U', '23204B', '23170S', '21506J', '75049LA', '21498M', '40016U', '22791E', '21931F', '22411U', '21873C', '23233W', '23177K', '23176Z', '22659F', '21928E', '22633V', '20719E', '71459J', '22554P', '48111G', '21871Y', '21499T', '22544C', '21500P', '23205F', '22536B', '22909Z', '22149E', '21981M', '23231J', '22266W', '22507V', '20723U', '21891R', '22418R', '21086B', '22417M', '22951B', '22111I', '21080R', '22470E', '22326L', '23203B', '22489J', '23193C', '84945I', '20728Z', '23201S', '22384W', '22383K', '23202Z', '84929V', '20726C', '62018W', '21069U', '22030B', '22712N', '22045U', '21084K', '22620B', '47566Y', '22102P', '21094A', '72741B', '22741O', '22661W', '21124F', '22714G', '48116K', '22560W', '22637S', '79321V', '16161PA', '22469S', '22466O', '23171H', '22558H', '22952P', '21733F', '23200Y', '22243L', '21791H', '21976M', '22540W', '20712E', '23172Q', '22382I', '21509I', '22985B', '22988D', '22549T', '22027K', '22556N', '22356T', '22983O', '21156K', '22662G', '23113X', '22993E', '23078Y', '23076Z', '22984H', '21232B', '22692J', '22697A', '22041A', '23310X', '23340L', '23345S', '23353X', '22834J', '21507E', '21390P', '23281Z', '23268O', '21980L', '22908G', '22150K', '23207R', '23194R', '21918L', '22704P', '21790Y', '21830E', '22531M', '21068Y', '20711L', '22440M', '22294U', '22244X', '22301J', '22302N', '22303W', '84997BG', '20975Y', '22553Q', '22467G', '22161W', '21122K', '20727V', '22632O', '22557Z', '82482D', '84692Z', '22508O', '85204U', '21108Z', '21936G', '22534C', '22533C', '21670S', '23230A', '22921W', '22916M', '22917U', '22918F', '22919F', '22539E', '21669G', '21668N', '84212C', '20961S', '23245W', '22028K', '82484O', '82580N', '23307D', '20979K', '23298Q', '22546L', '21508L', '22024W', '35961N', '23280V', '23275I', '84313CE', '20973S', '20972O', '21559P', '20963G', '21984W', '21672A', '23208E', '22245R', '21770E', '23122S', '22304I', '21888F', '85078B', '22979P', '22980U', '23108J', '16237N', '85150Z', '22986P', '21810L', '22367K', '22333G', '21876I', '22338I', '90057R', '21892U', '22963K', '22961C', '84997DC', '84949O', '84970SL', '79323BM', '21930O', '84978X', '84997AH', '22488P', '21917S', '22300C', '20718A', '22940N', '20713F', '23175H', '21914B', '20676O', '22959R', '20984B', '22699D', '21231K', '22138G', '21066X', '23550P', '21174F', '22716A', '23546H', '23545U', '22103E', '22189I', '21326V', '21210C', '21218O', '21428B', '22619G', '22096G', '72232C', '22726C', '21380E', '22728B', '21385E', '22090X', '22094G', '23380Y', '23436I', '22142B', '22579W', '22663L', '21485W', '22651T', '22615Z', '21238G', '23328X', '79000Z', '21240N', '22631M', '21242V', '22109D', '21090G', '22698C', '23381G', '22766P', '75131T', '23346H', '21070F', '22771L', '21167A']"
469125,['84077K']
369126,['22151L']
359136,['40016U']
340857,['22616B']
249147,['15034D']
250848,['15036Z']
339156,['20668K']
139158,['17084RT']
39159,['85123AY']
60840,"['22197J', '23005J', '22998M']"
260838,['17003M']
528165,['22151L']
328167,"['23115D', '21137F', '21967J', '21212D', '21977R', '23005J', '75049LA', '85099BJ', '16045M', '22189I', '15036Z', '20668K', '21975B', '22197J', '75131T', '20724F', '85099CQ', '22355U', '17003M', '84755J', '21915K', '21213V', '47566BG', '23203B', '22630B', '21731V', '21069U', '23117T', '21871Y', '84991R', '71459J', '23209X', '23167J', '20719E', '71477B', '21620I', '22386V', '22952P', '22950F', '22595D', '20725N', '22629C', '84879M', '22411U', '22966E', '23199M', '21918L', '22178V', '21928E', '21498M', '23326S', '21121C', '85099FC', '22578A', '23310X', '23206T', '23510V', '20723U', '20712E', '21181K', '23507E', '84945I', '23157X', '22741O', '79321V', '22577B', '22440M', '23202Z', '23204B', '20728Z', '21931F', '21929W', '22909Z', '21232B', '22910D', '21080R', '22959R', '22659F', '85175B', '22383K', '23114G', '22593E', '22551F', '84992D', '23201S', '20979K', '82484O', '21916D', '23205F', '47566Y', '21623S', '23245W', '21166I', '23307D', '21135E', '21094A', '21790Y', '23207R', '22961C', '21499T', '23177K', '22384W', '20727V', '84946F', '84947R', '22301J', '22303W', '17096D', '22041A', '22560W', '22940N', '23293D', '16161PA', '23309L', '23308G', '23298Q', '22610S', '23240L', '23208E', '72741B', '22661W', '22666I', '23200Y', '21500P', '22467G', '21068Y', '22554P', '22300C', '84029EX', '21495P', '23344R', '23345S', '23353X', '21390P', '22302N', '21326V', '16014F', '22326L', '22356T', '22385P', '82583N', '21914B', '23193C', '22077P', '20711L', '20972O', '84380W', '23078Y', '22993E', '22907C', '22960K', '84978X', '21703M', '21930O', '22086O', '20726C', '21672A', '84970SL', '22900U', '23328X', '22379G', '22294U', '21810L', '21811V', '35970L', '22382I', '21818Q', '21875C', '22423U', '23346H', '22988D', '22969Z', '21385E', '23431D', '22539E', '22908G', '22304I', '21231K', '23545U', '23550P', '22530D', '22775S', '22834J', '22571W', '21668N', '21669G', '22699D', '22662G', '23172Q', '22619G', '23170S', '22609U', '22597M', '22585G', '22944W', '23234A', '23166P', '21509I', '22791E', '22771L', '23294M', '23295P', '23296Z', '22772B', '23300F', '23301G', '22558H', '22557Z', '22556N', '23121M', '21506J', '22712N', '22584Q', '22697A', '84950I', '62018W', '79000Z', '20914Q', '82580N', '16156SH', '21124F', '82582N', '16237N', '82600H', '84970LF', '21066X', '84692Z', '21070F', '20718A', '22739W', '23297N', '21035O', '21791H', '22292I', '22561Z', '23176Z', '22813K', '23436I', '22296X', '84536AK', '22716A', '85049AF', '23284M', '85178F', '21670S', '21936G', '23182N', '84929V', '23506M', '22663L', '21673M', '21314Q', '22027K', '21671K', '21313C', '23287L', '23076Z', '22720A', '51014AW', '23343M', '51014CF', '84378P', '22188M', '23318Z', '85150Z', '22544C', '23144I', '22553Q', '21479J', '22621P', '22620B', '20974J', '21086B', '21497K', '23355Z', '23165S', '21394I', '21976M', '16169EL', '22599V', '23306Z', '22087E', '22734C', '84949O', '22029R', '21746N', '22632O', '23119M', '84997DC', '22631M', '23122S', '23360X', '23275I', '20984B', '22668V', '35095BN', '20676O', '23241W', '22150K', '22149E', '79323BM', '22333G', '15056ND', '22338I', '82482D', '84997CQ', '22339G', '35095AT', '21917S', '21136P', '21169G', '22418R', '23236J', '22144E', '85106U', '22971A', '22970T', '35961N', '22352Z', '37370Z', '23232F', '23231J', '22964E', '23230A', '90057R', '22084R', '22704P', '23194R', '21154F', '84596BQ', '21239K', '23526G', '21238G', '21872C', '10133M', '46000SJ', '21559P', '23535V', '21122K', '22867O', '22713C', '23543B', '22112V', '22114V', '22579W', '23247Z', '16235A', '84596GP', '22698C', '23215I']"
28170,['84347V']
271827,['62018W']
118179,"['84879M', '21829T']"
508185,"['23005J', '21212D', '20724F', '22328M', '22355U', '16156SH', '22710N', '20719E', '21121C', '22629C', '23204B', '22616B', '21497K', '22030B', '22554P', '22951B', '22243L', '22178V', '20723U', '23206T', '22029R', '22551F', '22630B', '22356T', '85099BJ', '21731V', '23232F', '20725N', '22489J', '23205F', '20728Z', '20712E', '21506J', '16161UB', '22417M', '22713C', '21976M', '22326L', '23121M', '23209X', '23233W', '21124F', '71459J', '22418R', '22383K', '84755J', '84347V', '22384W', '21975B', '22661W', '23203B', '23281Z', '84929V', '22086O', '35961N', '22908G', '23199M', '23084M', '21509I', '22045U', '21498M', '21213V', '21915K', '22712N', '16161PA', '79321V', '22714G', '23268O', '20726C', '21080R', '22027K', '22411U', '84946F', '22956D', '23076Z', '21559P', '21891R', '23293D', '22556N', '23307D', '22558H', '22834J', '22531M', '23200Y', '22544C', '22993E', '21507E', '23122S', '22662G', '23294M', '85123AY', '22555O', '22244X', '22557Z', '22382I', '23240L', '22728B', '20727V', '22386V', '22985B', '22467G', '21122K', '21929W', '22534C', '23201S', '22174M', '84029EX', '21931F', '47566Y', '20972O', '23280V', '84978X', '22741O', '21326V', '84997DC', '20718A', '22245R', '84949O', '21810L', '22399O', '21385E', '85099FC', '16237N', '21499T', '23309L', '22491V', '23245W', '21669G', '22663L', '22726C', '22352Z', '21094A', '22294U', '23344R', '21500P', '22333G', '23078Y', '23077P', '72741B', '21495P', '22804V', '22899Q', '22131I', '22983O', '22984H', '21928E', '22546L', '84945I', '21218O', '84947R', '22466O', '21238G', '20984B', '84692Z', '23290W', '23292K', '22543G', '84991R', '21930O', '84997CQ', '23119M', '22553Q', '23295P', '23123F', '22791E', '23581R', '21620I', '75049LA', '23230A', '23231J', '37370Z', '23297N', '21232B', '23296Z', '21181K', '21240N', '21980L', '22704P', '21429E', '21987U', '21936G', '22716A', '21988M', '22631M', '22114V', '22065D', '21390P', '21481J', '84987W', '21918L', '85150Z', '22423U', '22367K', '84997BG', '22219N', '22585G', '22335Z', '23202Z', '21672A', '84970SL', '22331U', '22898W', '22613A', '20713F', '22986P', '22303W', '84596GP', '85049CP', '23300F', '23298Q', '21154F', '22254T', '20750C', '22242L', '85099CQ', '23291F', '21932M', '23289K', '23284M', '21242V', '22727B', '20676O', '22385P', '22336O', '22302N', '90057R', '22301J', '22300C', '22780U', '22779J', '23355Z', '16169EL', '22037V', '22337H', '23308G', '23346H', '23345S', '22348L', '23343M', '23321O', '20675E', '22962X', '23310X', '20677D', '21984W', '22460J', '21981M', '21561W', '21068Y', '22567D', '21078I', '21668N', '23254E', '22961C', '22652D', '22158K', '22577B', '21166I', '21479J', '84029GV', '23207R', '22900U', '22609U', '22128V', '22129R', '23255L', '21830E', '22077P', '22545H', '21917S', '22540W', '22075W', '21558V', '23144I', '21934D', '23351C', '22907C', '22818I', '23158A', '23354R', '22902M', '21882L', '22960K', '22957K', '23082N', '21844I', '22963K', '21644N', '22895J', '22817Z', '21933N', '22816Q', '22814E', '23236J', '23083I', '23238P', '21671K', '21873C', '21874B', '23301G', '23256O', '21544W', '21670S', '22972W', '22970T', '22855Q', '21508L', '22969Z', '21937S', '22988D', '21892U', '23190S', '23322J', '22964E', '21785M', '23086Z', '23275I', '22867O', '23319Q', '23120O', '22608F', '21156K', '84375E', '22578A', '22579W', '22595D', '22601T', '22024W', '22610S', '21136P', '21137F', '22614B', '22130P', '37327B', '22112V', '21167A', '47599AI', '22659F', '22668V', '22087E', '22084R', '21210C', '22080D', '22078R', '84406BH', '21070F', '21066X', '22563R', '22304I', '15056BLH', '15056ND', '85204U', '22338I', '22339G', '22297H', '85172L', '20711L', '20717I', '22435K', '22439F', '84970LF', '22505F', '22507V', '20974J', '20975Y', '22533C', '20992N', '22549T', '22561Z', '22697A', '22699D', '35970L', '22708V', '23546H', '22759Z', '22720A', '22041A', '23582G', '22771L', '23583L', '21313C', '22774I', '22711H', '22028K', '22740K', '22035X', '22729W', '22025A', '23445C', '22706R', '21239K', '23493H', '35610AZ']"
408186,['84077K']
398196,"['21982Y', '21985C']"
298197,"['22197J', '85099BJ', '85099FC', '22386V', '23115D', '22759Z', '22379G', '21137F', '84879M', '85123AY', '75049LA', '23167J', '84946F', '22865Y', '22866X', '21212D', '21135E', '22178V', '21620I', '47566BG', '22381J', '21181K', '22633V', '22355U', '85099CQ', '84947R', '71477B', '16156SH', '84755J', '21931F', '20724F', '23310X', '71459J', '75131T', '22920I', '85175B', '22423U', '21175V', '16045M', '21791H', '21498M', '84945I', '22385P', '22791E', '22659F', '22411U', '84991R', '21929W', '23510V', '23203B', '23199M', '23170S', '22555O', '82580N', '21121C', '21928E', '48111G', '21900A', '22440M', '23507E', '21213V', '22149E', '21700U', '21500P', '23171H', '84978X', '23114G', '23206T', '20725N', '79321V', '21902W', '82583N', '21703M', '22741O', '21499T', '22632O', '85106U', '21975B', '21899D', '20719E', '47566Y', '22469S', '22130P', '23172Q', '22029R', '21790Y', '20727V', '20728Z', '21506J', '22384W', '22969Z', '21830E', '23176Z', '20712E', '20711L', '21166I', '22551F', '20723U', '48116K', '22243L', '22578A', '23344R', '16216D', '21977R', '22558H', '82600H', '22383K', '22692J', '23202Z', '22142B', '16161PA', '23232F', '22998M', '22593E', '16161UB', '22993E', '23204B', '22041A', '23201S', '21094A', '21080R', '20668K', '22961C', '23177K', '23431D', '21918L', '22554P', '22491V', '72232C', '21731V', '22161W', '22704P', '21174F', '23284M', '72741B', '22712N', '47556BE', '22141S', '21232B', '47591DY', '79000Z', '22710N', '21156K', '21380E', '22620B', '23581R', '20963G', '21497K', '84692Z', '21669G', '21673M', '21668N', '22661W', '22549T', '84836J', '22577B', '23193C', '23077P', '85204U', '23078Y', '20961S', '21670S', '84997CQ', '84997BG', '82482D', '23231J', '23233W', '23245W', '21874B', '85150Z', '22698C', '22699D', '23570W', '84997DC', '21136P', '22560W', '22917U', '23546H', '22916M', '22111I', '22556N', '21877C', '23551L', '22457C', '22571W', '23144I', '21428B', '23182N', '21672A', '21231K', '23582G', '22986P', '22996P', '23298Q', '23300F', '23301G', '23307D', '23308G', '21770E', '22086O', '23321O', '21495P', '22579W', '22144E', '23209X', '22112V', '21507E', '22266W', '22952P', '21509I', '21326V', '22609U', '22610S', '22992G', '22467G', '23175H', '23174D', '22918F', '23571G', '22867O', '21086B', '22418R', '22417M', '21914B', '22713C', '22714G', '20992N', '17003M', '20984B', '22045U', '20975Y', '22367K', '22637S', '84029EX', '22356T', '22771L', '21930O', '22333G', '22646J', '21936G', '20726C', '20718A', '21981M', '22740K', '84970SL', '84997AH', '21084K', '16237N', '21889K', '21122K', '22630B', '21124F', '21871Y', '22084R', '20974J', '79323BM', '20972O', '35961N', '22114V', '82484O', '21873C', '82494LP', '23230A', '22792D', '22087E', '22585G', '20979K', '85049AF', '23306Z', '23319Q', '22382I', '23313G', '22077P', '22028K', '70006O', '16169EL', '22991T', '22908G', '22907C', '21917S', '22979P', '22720A', '22984H', '22047L', '22726C', '82582N', '21892U', '10133M', '22662G', '23122S', '21976M', '85015Z', '84970LF', '84950I', '23154P', '84949O', '22090X', '23076Z', '22663L', '84832I', '22030B', '21671K', '84596BQ', '21519A', '22338I', '23188L', '23194R', '84375E', '15056BLH', '23200Y', '84313CE', '23205F', '23208E', '22775S', '85212R', '51014CF', '21385E', '20676O', '22966E', '22697A', '22921W', '23366F', '23367M', '22488P', '16014F', '22150K', '23370K', '22951B', '22608F', '23493H', '22158K', '22621P', '21169G', '21810L', '21811V', '22154A', '23439A', '22834J', '22507V', '21818Q', '22466O', '21240N', '22188M', '21238G', '46000SJ', '21078I', '35953W', '23355Z', '85152E', '51014AW', '22716A', '22027K', '22962X', '35970L', '21916D', '21915K', '22960K', '22959R', '21090G', '22910D', '22919F', '22851J']"
301797,"['85099BJ', '85099FC', '22386V', '72232C', '22759Z', '17003M', '22379G', '84946F', '22865Y', '22866X', '40016U', '16216D', '85204U', '22740K', '22381J', '71477B', '21181K', '22178V', '20713F', '22385P', '22633V', '21422L', '84947R', '84879M', '23199M', '22197J', '22555O', '48111G', '84945I', '22693N', '23268O', '85099CQ', '22423U', '20724F', '22149E', '22355U', '23167J', '22608F', '21931F', '22791E', '21929W', '21928E', '22086O', '22130P', '20712E', '22411U', '22659F', '23201S', '23170S', '79000Z', '22266W', '22417M', '21985C', '23203B', '84978X', '23206T', '22161W', '20719E', '23510V', '22610S', '22158K', '23507E', '20725N', '20711L', '22692J', '85212R', '23344R', '21830E', '23077P', '23378J', '23209X', '48116K', '22629C', '84755J', '22533C', '22632O', '20971S', '22383K', '22418R', '85078B', '22384W', '20961S', '22142B', '23204B', '20727V', '21080R', '20728Z', '35923D', '21380E', '21981M', '22029R', '23171H', '20963G', '23581R', '22141S', '23570W', '22489J', '22554P', '22546L', '20723U', '84929V', '22531M', '23231J', '23202Z', '22551F', '23200Y', '22469S', '22609U', '21980L', '21121C', '20984B', '22356T', '22536B', '75049LA', '23245W', '84997BG', '20992N', '22952P', '21976M', '15039A', '71459J', '22951B', '17084RT', '21930O', '23366F', '47591DY', '21094A', '22867O', '21428B', '22540W', '47566Y', '23172Q', '23582G', '84313CE', '22065D', '22558H', '79321V', '84422X', '21500P', '23205F', '22367K', '84988Y', '22630B', '22543G', '23551L', '21790Y', '21509I', '21156K', '23571G', '22945X', '22910D', '23321O', '23376B', '23281Z', '22985B', '23175H', '23365N', '23313G', '23493H', '21507E', '23117T', '21634J', '21499T', '21770E', '21124F', '22993E', '22984H', '23174D', '22382I', '22470E', '22534C', '22127Y', '22466O', '22663L', '22144E', '84997CQ', '22556N', '20973S', '16218Y', '82482D', '22150K', '20975Y', '16052Q', '22712N', '84029EX', '47599AI', '16008I', '22741O', '22646J', '20726C', '21086B', '84997AH', '15034D', '22661W', '70006O', '22544C', '84692Z', '22243L', '23210F', '23212C', '23225T', '23207R', '23208E', '21900A', '21558V', '21591D', '22337H', '22244X', '22294U', '23367M', '22326L', '23353X', '22335Z', '22338I', '22467G', '23327C', '22174M', '23301G', '21559P', '23280V', '23275I', '22112V', '22613A', '22561Z', '22102P', '22699D', '21791H', '22704P', '21395V', '22983O', '22969Z', '22726C', '22961C', '22959R', '21984W', '22956D', '21975B', '21937S', '21914B', '21877C', '21899D', '21902W', '23078Y', '23103F', '21731V', '23173W', '22578A', '22579W', '22090X', '23193C', '23188L', '23176Z', '22662G', '22047L', '22698C', '22690X', '22691G', '23154P', '22041A', '23144I', '23122S', '22697A', '22714G', '22637S', '21394I', '23508J', '23439A', '85106U', '47566BG', '47574AJ', '17021U', '23546H', '72741B', '35610AZ', '84949O', '16156SH', '21287D', '20972O', '82580N', '84077K', '21136P', '84596BQ', '21213V', '21232B', '35961N', '21078I', '85213R', '21122K', '10135P', '23431D', '21385E']"
401796,"['21982Y', '21985C']"
488205,['85175B']
88209,['21829T']
411786,"['84992D', '22492E', '22740K', '84347V']"
378216,['79323BM']
278217,['22998M']
221778,['23084M']
58239,['20713F']
187308,['84077K']
112689,['84077K']
122679,['85175B']
222678,['84077K']
257337,['21915K']
157338,['84077K']
352647,['22492E']
452646,['72232C']
116289,['22616B']
83709,"['21977R', '21212D']"
506295,"['23268O', '20971S', '22273M', '22489J', '22533C', '22531M', '22536B', '22543G', '22544C', '22546L', '22336O', '22147L', '23270T', '62018W', '22578A', '22540W', '15036Z', '20668K']"
306297,"['84077K', '21829T', '84992D', '22440M']"
193698,['84568Z']
293697,['22197J']
396306,"['22151L', '21108Z']"
196308,['21703M']
3690,['20713F']
203688,['84212C']
303687,"['22492E', '22151L', '21967J', '22616B', '85123AY']"
403686,['15036Z']
486315,['84077K']
13680,['84077K']
313677,"['79164C', '21108Z']"
413676,['23167J']
233658,"['22273M', '20971S', '72232C', '17096D', '22197J', '22740K', '21098K', '22147L', '84879M', '22492E', '17021U', '23378J', '16216D', '22149E', '22266W', '22952P', '22570W', '84992D', '21874B', '22629C', '22189I', '22985B', '85204U', '22569R', '22909Z', '21212D', '22161W', '21873C', '22568A', '22950F', '22616B', '22111I', '23268O', '22710N', '22507V', '22608F', '16045M', '21984W', '21916D', '21915K', '21980L', '21422L', '22991T', '21791H', '21704M', '21108Z', '16156SH', '16218Y', '84950I', '21877C', '20969R', '22540W', '85078B', '22659F', '21497K', '85212R', '22992G', '22086O', '22045U', '22130P', '23207R', '22637S', '21918L', '23376B', '22564D', '23203B', '22713C', '23201S', '23343M', '21485W', '22988D', '22544C', '21181K', '35923D', '23233W', '22630B', '20974J', '22766P', '22741O', '22508O', '23077P', '21620I', '16161UB', '23270T', '23340L', '22531M', '22983O', '84929V', '22489J', '23117T', '21889K', '21731V', '22546L', '22348L', '23326S', '22077P', '23571G', '15039A', '23210F', '79000Z', '23215I', '21390P', '23232F', '22158K', '22551F', '22561Z', '22493I', '84978X', '84422X', '22966E', '23570W', '21829T', '22096G', '23212C', '21506J', '23263V', '22910D', '21876I', '21891R', '21914B', '23206T', '23230A', '23309L', '23297N', '21394I', '23381G', '23380Y', '23344R', '23345S', '22027K', '35924B', '23346H', '21232B', '21395V', '23366F', '23108J', '21623S', '16161PA', '20972O', '22615Z', '20984B', '11001M', '82484O', '22355U', '22543G', '20992N', '84946F', '17003M', '17038G', '84596BQ', '22652D', '22418R', '16052Q', '84380W', '20725N', '21928E', '23155O', '22900U', '22267I', '21313C', '23321O', '84596FA', '22959R', '84596GP', '22964E', '21287D', '23550P', '84406BH', '84660AU', '22191G', '22940N', '22555O', '23313G', '22534C', '23154P', '23327C', '23113X', '23103F', '22244X', '23353X', '22268P', '85099CQ', '23334M', '16259V', '85014BD', '23365N', '22398K', '22469S', '84970LF', '18007N', '84945I', '22501Q', '21844I', '21845L', '22533C', '22286L', '23328X', '23582G', '23581R', '22356T', '23267Y', '47574AJ', '22030B', '79190BW', '22619G', '22297H', '85194SR', '23208E', '22818I', '23209X', '22699D', '85230AJ', '85230EY', '22336O', '21137F', '22335Z', '23245W', '79323BM', '47559BK', '23241W', '47566Y', '84212C', '72351AA', '21209Y', '23236J', '23300F', '21981M', '22698C', '35095AT', '35095BN', '22791E', '22138G', '22287S', '22094G', '21634J', '23192L', '21544W']"
356346,['22197J']
143649,"['62018W', '23117T', '71477B']"
174618,['22492E']
84609,['15034D']
184608,['85123AY']
284607,['21787C']
505395,"['23084M', '21135E', '22197J', '84879M', '22492E', '82583N', '84755J', '20668K', '71459J', '82580N', '84347V', '21915K', '21620I', '23203B', '21166I', '21977R', '85106U', '20974J', '84950I', '85099BJ', '82600H', '21498M', '22178V', '22355U', '22578A', '75049LA', '85099FC', '22151L', '21791H', '22577B', '22413V', '22491V', '22489J', '20724F', '23215I', '23310X', '20719E', '22560W', '22991T', '22992G', '21731V', '22086O', '22910D', '84988Y', '84836J', '23230A', '21931F', '22411U', '22741O', '22865Y', '21080R', '23298Q', '23199M', '23201S', '21889K', '21891R', '22610S', '21670S', '21499T', '23204B', '21672A', '21673M', '21700U', '22791E', '21326V', '23232F', '22384W', '21790Y', '22666I', '21232B', '47566Y', '22659F', '21479J', '23209X', '23206T', '23343M', '23205F', '21212D', '22536B', '84945I', '23078Y', '20723U', '23077P', '23076Z', '22493I', '22998M', '22564D', '84946F', '84947R', '22561Z', '84970SL', '84978X', '84991R', '22558H', '16045M', '85049AF', '85099CQ', '22961C', '20725N', '23117T', '20727V', '20728Z', '79000Z']"
405396,['20713F']
205398,['23005J']
305397,['22197J']
194598,['22616B']
294597,"['22489J', '22616B', '22951B', '22998M', '23268O', '17003M', '22417M', '22531M', '20719E', '20724F', '22533C', '22546L', '22355U', '22544C', '22536B', '22693N', '22543G', '22540W', '22418R', '23270T', '22178V', '23293D', '23204B', '22243L', '21976M', '85175B', '20723U', '22356T', '22554P', '21213V', '21731V', '22534C', '84991R', '22029R', '22610S', '22920I', '21975B', '20712E', '23297N', '22555O', '22326L', '84755J', '21124F', '23206T', '84879M', '22336O', '23171H', '22956D', '22335Z', '22337H', '22661W', '23121M', '22470E', '23295P', '21985C', '21982Y', '23345S', '23292K', '23280V', '85099BJ', '23205F', '22158K', '22027K', '22759Z', '22328M', '71459J', '84946F', '22065D', '84929V', '23346H', '20726C', '16045M', '20728Z', '23275I', '23307D', '20972O', '21121C', '23294M', '23230A', '23281Z', '22712N', '22386V', '22384W', '22399O', '21544W', '85099FC', '21874B', '22908G', '21810L', '21122K', '22382I', '20725N', '22086O', '22608F', '22609U', '22469S', '23076Z', '21509I', '21733F', '22383K', '22030B', '35961N', '84508AE', '22466O', '79321V', '22151L', '21703M', '22491V', '22244X', '22551F', '22558H', '22662G', '23310X', '22663L', '22561Z', '22945X', '84978X', '84077K', '21891R', '23122S', '21873C', '23296Z', '22174M', '22197J', '21787C', '23170S', '23232F', '22993E', '21981M', '22385P', '21559P', '23203B', '23327C', '22467G', '22556N', '22601T', '22613A', '22631M', '22078R', '22080D', '22557Z', '20727V', '84945I', '23209X', '22603Q', '22630B', '22866X', '22594A', '47566Y', '22111I', '20971S', '84976S', '21080R', '22984H', '21977R', '23291F', '21507E', '22539E', '15034D', '22996P', '22131I', '22367K', '23078Y', '22714G', '16216D', '21669G', '22037V', '23077P', '72232C', '23119M', '22577B', '22077P', '47593BL', '22865Y', '23123F', '23231J', '22411U', '23290W', '23309L', '22629C', '22379G', '23254E', '22352Z', '23240L', '22333G', '22578A', '22303W', '22302N', '23199M', '22834J', '22219N', '22899Q', '23144I', '22147L', '22571W', '22637S', '20973S', '84836J', '21166I', '20718A', '84406BH', '21915K', '18007N', '21210C', '21561W', '21876I', '85123AY', '84596GP', '84970SL', '84987W', '21385E', '20974J', '21481J', '21485W', '16161PA', '21498M', '22149E', '22301J', '22300C', '84568Z', '22704P', '22779J', '21070F', '23256O', '37370Z', '22231R', '22745M', '21068Y', '21066X', '22304I', '21830E', '22741O', '22507V', '23245W', '22331U', '21506J', '21429E', '84949O', '21390P', '21499T', '84997BG', '22460J', '22423U', '21326V', '21260A', '21154F', '22585G', '21240N', '21238G', '21232B', '21218O', '21650J', '21174F', '21156K', '84692Z', '22508O', '84375E', '22969Z', '85172L', '22961C', '22892Z', '23158A', '22898W', '84029EX', '21889K', '22904F', '23108J', '20677D', '75049LA', '22129R', '85212R', '20676O', '20675E', '22963K', '22962X', '22045U', '22992G', '85150Z', '21988M', '23192L', '23200Y', '21936G', '21931F', '16218Y', '22814E', '23201S', '22780U', '16237N', '22579W', '21430A', '23322J', '21242V', '23344R', '23120O', '22530D', '21231K', '23083I', '23103F', '10133M', '16156SH', '21937S', '16169EL', '22564D', '22563R', '22614B', '23374A', '22560W', '84997DC', '22986P', '22964E', '22570W', '23298Q', '16259V', '22856A', '20750C', '23174D', '22711H', '23175H', '22818I', '22816Q', '22716A', '22726C', '23236J', '23233W', '22804V', '20984B', '22771L', '22774I', '20977U', '23255L', '22708V', '21207W', '22867O', '23306Z', '23301G', '22633V', '21192D', '22944W', '85049GC', '20717I', '23289K', '22646J', '85178F', '21137F', '21136P', '21094A', '21086B', '21078I', '82580N', '22567D', '22175U', '84029GV', '21558V', '72818G', '22398K', '21563N', '22047L', '22075W', '84313CE', '22381J', '72802AK', '21621T', '22245R', '48184N', '35970L', '22100W', '21668N', '22297H', '23581R', '22098N', '22346F', '22345K', '22344M', '22343N', '22083G', '21670S', '21884K', '21881M', '22087E', '22090X', '22094G', '84535AT', '21790Y', '21929W', '21811V', '47503AN', '22494U', '22492E', '82552M', '21934D', '23445C', '21983K', '21930O', '21987U', '21508L', '22128V', '46000SJ', '22435K', '21704M', '21928E', '22028K', '22025A', '22035X', '21500P', '47591DY', '22416F']"
95409,"['22969Z', '23288S', '23285I', '23286O', '22952P', '23243L', '22469S', '22470E', '21733F', '23507E', '23510V', '22978F', '22909Z', '23378J', '21981M', '20713F', '21918L', '23381G', '23340L', '22979P', '23380Y', '22096G', '22722E', '16045M', '21916D', '22615Z', '22094G', '22117N', '21175V', '22720A', '21982Y', '22666I', '22539E', '22029R', '22631M', '22728B', '40016U', '21086B', '20973S', '21975B', '22993E', '22540W', '22992G', '85099BJ', '22541B', '22556N', '22991T', '22989L', '21181K', '22065D', '22151L', '22620B', '23230A', '22651T', '22730Z', '23270T', '22960K', '21166I', '22783G', '22966E', '22273M', '16156SH', '35095BN', '35095AT', '22045U', '22030B', '21703M', '22963K', '22102P', '22741O', '23309L', '22714G', '22950F', '23117T', '22027K', '22988D', '23199M', '21497K', '22750S', '23206T', '21931F', '21984W', '23231J', '21210C', '23232F', '21213V', '22024W', '22715M', '22659F', '22103E', '20971S', '79190BW', '20724F', '20725N', '82583N', '72232C', '22617A', '17096D', '22178V', '22629C', '22386V', '84992D', '22555O', '22355U', '85099FC', '22243L', '22028K', '20711L', '22554P', '85230EY', '20676O', '21243M', '23159Q', '82582N', '85175B', '21791H', '22907C', '22271R', '82600H', '23308G', '22356T', '22546L', '22951B', '21509I', '84929V', '21508L', '22417M', '21218O', '84946F', '22980U', '21914B', '22382I', '21506J', '23204B', '21498M', '20668K', '21673M', '22749K', '23535V', '21137F', '22726C', '23526G', '22077P', '21094A', '21080R', '22775S', '23534D', '20726C', '22713C', '22708V', '22046Q']"
185418,"['23084M', '22065D', '84077K', '22197J']"
14580,['22616B']
314577,"['23293D', '22610S', '23297N', '22998M', '23295P', '23203B', '23294M', '22609U', '21731V', '23345S', '23296Z', '20712E', '23346H', '23240L', '22950F', '21703M', '22326L', '22608F', '23307D', '84879M', '23209X', '22489J', '22910D', '23201S', '22578A', '22959R', '23171H', '84596GP', '16045M', '22630B', '21098K', '23236J', '22920I', '21884K', '84508AE', '23230A', '37370Z', '23121M', '20719E', '21881M', '15036Z', '21928E', '22544C', '22952P', '23245W', '23122S', '22418R', '22411U', '22086O', '23120O', '23200Y', '22460J', '20974J', '21896V', '22741O', '22467G', '22477A', '21790Y', '23199M', '22577B', '22940N', '22478H', '23310X', '21650J', '23287L', '85099CQ', '22479R', '23309L', '22386V', '20728Z', '23205F', '84755J', '21390P', '23078Y', '23076Z', '21929W', '21898V', '21154F', '22961C', '47503AN', '23234A', '23326S', '23344R', '23353X', '23306Z', '21481J', '23292K', '21326V', '23144I', '21121C', '23545U', '23550P', '23202Z', '23170S', '21876I', '22996P', '23328X', '16161PA', '84970SL', '17084RT', '20668K', '22534C', '22043M', '21069U', '84991R', '22355U', '22712N', '22047L', '82552M', '22951B', '79321V', '22458G', '20724F', '21977R', '75178B', '22127Y']"
245457,['22065D']
145458,"['21977R', '21212D']"
434466,"['22740K', '21212D', '21977R', '21915K', '22266W', '22328M', '21620I', '22595D', '84991R', '21213V', '84879M', '21975B', '85078B', '85204U', '21891R', '22086O', '35923D', '21121C', '22161W', '22551F', '16045M', '21874B', '22630B', '23268O', '23210F', '23212C', '84755J', '22741O', '22489J', '20719E', '22287S', '23293D', '20724F', '71459J', '22629C', '22469S', '85123AY', '22286L', '84978X', '23203B', '22578A', '22610S', '22111I', '22952P', '22197J', '21873C', '22355U', '22712N', '22637S', '23115D', '23263V', '22554P', '22244X', '22245R', '23297N', '23310X', '22065D', '22268P', '22269G', '23295P', '23307D', '22714G', '20974J', '22267I', '84950I', '84077K', '16218Y', '16161PA', '22470E', '21889K', '21976M', '21733F', '22950F', '21876I', '22417M', '20723U', '22951B', '16219C', '22326L', '22508O', '22961C', '85194SR', '22507V']"
234468,"['84992D', '21977R', '16156SH', '22710N', '22197J', '22713C', '21497K', '23232F', '21915K', '21506J', '21213V', '21975B', '22470E', '22469S', '16161UB', '22030B', '21891R', '23233W', '21733F', '84991R', '22045U', '23230A', '22029R', '22985B', '85099BJ', '47566BG', '85099FC', '21498M', '84755J', '71459J', '23117T', '21499T', '22970T', '22998M', '16008I', '22178V', '22969Z', '22189I', '22065D', '22417M', '23231J', '22489J', '20724F', '23203B', '79321V', '22386V', '22618S', '21166I', '22086O', '22379G', '21700U', '22951B', '75049LA', '22741O', '21135E', '22243L', '23199M', '21500P', '21181K', '23270T', '23206T', '20723U', '20725N', '22151L', '22988D', '84945I', '22652D', '20728Z', '21984W', '22834J', '22702X', '21980L', '22704P', '16161PA', '84212C', '22659F', '22983O']"
134469,['17096D']
34470,['22998M']
265527,"['85099BJ', '21787C', '85099FC', '22740K', '22386V', '22759Z', '21212D', '22266W', '22379G', '22629C', '22866X', '22865Y', '84946F', '23167J', '85078B', '22178V', '22659F', '23199M', '85099CQ', '22630B', '22381J', '21915K', '21891R', '22633V', '22086O', '85204U', '84947R', '21928E', '84879M', '21181K', '20724F', '22385P', '23209X', '22161W', '22727B', '20725N', '22961C', '22632O', '21931F', '21121C', '84929V', '84945I', '22985B', '35923D', '23170S', '22741O', '21929W', '22423U', '22551F', '21918L', '23201S', '23210F', '20712E', '22151L', '23206T', '22149E', '22411U', '16045M', '22555O', '23171H', '71459J', '71477B', '22791E', '22383K', '21980L', '22355U', '85152E', '48111G', '22728B', '23212C', '21497K', '20711L', '84755J', '22294U', '23172Q', '23202Z', '23200Y', '23204B', '23205F', '22418R', '21108Z', '20728Z', '47591DY', '22983O', '23268O', '22457C', '23245W', '22646J', '22384W', '23497Q', '84978X', '22988D', '20719E', '21790Y', '21080R', '22578A', '21094A', '22030B', '22287S', '22554P', '47566Y', '23344R', '23263V', '23203B', '23498F', '23552T', '23225T', '22726C', '22993E', '22699D', '16161PA', '21984W', '21500P', '84991R', '84997BG', '84997CQ', '21498M', '20723U', '20727V', '84988Y', '82482D', '22267I', '22268P', '21703M', '72741B', '22286L', '21985C', '22652D', '90057R', '84992D', '21830E', '22553Q', '23310X', '21509I', '22558H', '21380E', '21156K', '21232B', '22326L', '85194SR', '16259V', '22338I', '23231J', '16237N', '22900U', '23313G', '21213V', '22348L', '22610S', '21982Y', '22367K', '22417M', '23084M', '22692J', '20718A', '20963G', '84029EX', '21428B', '79321V', '23174D', '22142B', '22577B', '20961S', '22698C', '22244X', '22952P', '22714G', '40016U', '21499T', '22150K', '48116K', '23281Z', '21672A', '23284M', '22467G', '23286O', '22533C', '21394I', '23175H', '22984H', '22867O', '23207R', '21559P', '21746N', '23122S', '21770E', '21385E', '23144I', '23078Y', '22969Z', '22084R', '22382I', '21326V', '23208E', '22087E', '23232F', '22908G', '23241W', '21519A', '22960K', '22077P', '23298Q', '23233W', '22144E', '22771L', '84970SL', '22729W', '35610AZ', '22303W', '35912BK', '21086B', '84970LF', '21916D', '84949O', '22661W', '22301J', '22716A', '22141S', '21930O', '84692Z', '22242L', '22147L', '47599AI', '84596FA', '20975Y', '84596BQ', '21976M', '22704P', '22697A', '22269G', '22029R', '84313CE', '84212C', '22245R', '21124F', '22738Y', '20726C', '16219C', '21845L', '22356T', '22556N', '21231K', '21877C', '23353X', '23326S', '16169EL', '22579W', '23307D', '18007N', '22557Z', '23366F', '22112V', '84997DC', '84997AH', '22585G', '16156SH']"
524475,"['22693N', '21967J', '22197J']"
124479,['84568Z']
24480,"['21829T', '22693N']"
75519,"['22151L', '20668K']"
375516,"['23084M', '84077K', '23343M']"
314487,"['21985C', '21982Y', '16156SH', '21497K', '22710N', '21967J', '22386V', '22086O', '23232F', '22197J', '22130P', '85099BJ', '22713C', '84946F', '21506J', '16161UB', '23077P', '21871Y', '23233W', '22952P', '22610S', '22910D', '23203B', '84978X', '21069U', '71459J', '22355U', '23117T', '22578A', '22158K', '21790Y', '23344R', '84755J', '23268O', '23201S', '21891R', '85099FC', '22178V', '22609U', '23199M', '22741O', '21213V', '23202Z', '21915K', '79323BM', '22577B', '23581R', '23571G', '21498M', '23570W', '84945I', '21500P', '84947R', '22045U', '85099CQ', '20719E', '22834J', '20724F', '23307D', '22585G', '71477B', '22659F', '22417M', '20668K', '23300F', '21108Z', '23321O', '21212D', '21499T', '16161PA', '23310X', '22867O', '21621T', '22558H', '22560W', '22865Y', '23270T', '23582G', '22065D', '22411U', '21495P', '21975B', '84988Y', '22029R', '23378J', '23230A', '22030B', '22993E', '22950F', '21326V', '84991R', '22379G', '22998M', '20723U', '21931F', '21181K', '23154P', '23206T', '23204B', '23365N', '22189I', '23367M', '21830E', '23318Z', '22704P', '21206X', '23157X', '23167J', '23200Y', '23231J', '23493H', '21232B', '22711H', '23301G', '23376B', '23309L', '21791H', '23078Y', '22961C', '21930O', '22986P', '22103E', '22102P', '22383K', '21983K', '22959R', '20971S', '22385P', '20728Z', '20727V', '22791E', '20725N', '84692Z', '84879M', '20712E', '84970SL', '84992D', '22909Z', '84997CQ', '18007N', '22418R', '16169EL', '22866X', '22856A', '22047L', '22771L', '21591D', '21121C', '22345K', '22344M', '21914B', '21080R', '22346F', '72741B', '21928E', '22343N', '47566Y', '21929W', '40016U']"
214488,['22616B']
14490,['22197J']
185508,"['22492E', '84879M']"
285507,"['85175B', '21891R', '21915K', '22440M']"
204498,"['22355U', '20724F', '23084M', '20719E', '72232C', '21620I', '23204B', '84992D', '22178V', '23206T', '20725N', '22356T', '20723U', '20728Z', '84755J', '21975B', '23209X', '22951B', '23205F', '22554P', '79323BM', '21731V', '20712E', '23203B', '22086O', '22030B', '23199M', '84879M', '23121M', '21918L', '22243L', '71459J', '21931F', '22489J', '23310X', '23293D', '22130P', '23201S', '47566Y', '22417M', '22326L', '20726C', '23268O', '22411U', '84978X', '22383K', '22418R', '21976M', '21213V', '23344R', '21121C', '22384W', '23077P', '23281Z', '22610S', '23076Z', '79321V', '20971S', '22556N', '22578A', '84029EX', '23294M', '23309L', '22712N', '22661W', '21124F', '84929V', '21080R', '23200Y', '22029R', '85099CQ', '22027K', '22741O', '21498M', '35961N', '22993E', '21166I', '22608F', '22609U', '22077P', '21930O', '22114V', '21385E', '21929W', '21326V', '62018W', '22726C', '21232B', '20974J', '22908G', '22910D', '23307D', '22728B', '22158K', '22558H', '20727V', '84692Z', '22998M', '84945I', '84946F', '23078Y', '21479J', '84970SL', '84991R', '23119M', '84997CQ', '84997DC', '22294U', '23122S', '23240L', '22467G', '21509I', '21791H', '23581R', '22577B', '23297N', '21422L', '20972O', '21810L', '23295P', '21672A', '21499T', '23298Q', '23245W', '23300F', '23123F', '22956D', '23296Z', '23301G', '22804V', '21669G', '23207R', '23202Z', '21507E', '21928E', '21394I', '23570W', '23290W', '22952P', '21790Y', '21871Y', '21889K', '21916D', '23321O', '23355Z', '22991T', '22907C', '23378J', '21390P', '21481J', '22992G', '23280V', '90057R', '23571G', '21122K', '22659F', '20992N', '71477B', '23582G', '79000Z', '20975Y', '22595D', '82583N', '82600H', '22561Z', '22557Z', '84596GP', '84947R', '84949O', '84970LF', '20718A', '22531M', '22491V', '22470E', '85099BJ', '16161PA', '22352Z', '22382I', '22662G', '75049LA', '21559P', '21137F', '22727B']"
4500,"['22536B', '21703M', '22533C', '21135E', '84988Y', '21977R', '21790Y', '23268O', '22492E', '22531M', '22489J', '85175B', '22540W', '21791H', '22546L', '22544C', '82583N', '22543G', '23270T', '84879M', '21918L', '62018W', '22659F', '21916D', '84755J', '22534C', '22158K', '22336O', '22335Z', '22535E', '84836J', '82580N', '71459J', '22992G', '22532Z', '23275I', '22561Z', '21982Y', '22548G', '23176Z', '22337H', '21900A', '23327C', '84929V', '23177K', '22418R', '22988D', '84950I', '23167J', '82600H', '21899D', '23203B', '22998M', '22578A', '21902W', '84992D', '21498M', '21166I', '23117T', '85106U', '85099CQ', '23193C', '35095AT', '23230A', '21891R', '22991T', '22197J', '35095BN', '21544W', '22910D', '75049LA', '79000Z', '22417M', '23077P', '22966E', '22945X', '84978X', '22601T', '22577B', '22077P', '71477B', '20972O', '21889K', '22560W', '79190BW', '84945I', '21673M', '23543B', '21931F', '23346H', '23292K', '23215I', '23201S', '23280V', '23345S', '23309L', '22741O', '22086O', '22603Q', '23207R', '20974J', '23510V', '22594A', '23307D', '22530D', '22386V', '22385P', '22384W', '23113X', '21122K', '84946F', '22970T', '21260A', '23157X', '23194R', '22993E', '22130P', '84976S', '22713C', '22712N', '22491V', '21928E', '21874B', '21499T', '85107Y', '22693N', '22411U', '48187N', '22244X', '23310X', '23507E', '22711H', '17003M', '21500P', '21873C', '21620I', '84313CE', '84406BH', '22413V', '21731V', '22971A', '22620B', '47566Y', '22571W', '22111I', '21174F', '22550H', '23202Z', '11001M', '22080D', '20971S', '20685H', '47593BL', '22355U', '21914B', '85049AF', '21670S', '23570W', '20727V', '22419N', '21912V', '21098K', '22037V', '23159Q', '22564D', '22191G', '23298Q', '23344R', '23229V', '21084K', '22493I', '21672A', '23166P', '23084M', '22549T', '85230EY', '22950F', '22792D', '79191CA', '22996P', '48194E', '21326V', '16216D', '47481G', '85230AJ', '21888F', '85230GS', '22078R', '85204U', '20725N', '20829J', '23192L', '22047L', '21985C', '22956D', '23356F', '22951B', '17084RT', '23318Z', '48173CT', '23291F', '23216U', '22916M', '23571G', '22662G', '22112V', '22918F', '23217N', '21787C', '85178F', '22892Z', '79160T', '22457C', '22904F', '22921W', '22109D', '23188L', '22294U', '23208E', '48188P', '82494LP', '23170S', '22231R', '22917U', '22579W', '22943F', '22771L', '72802CE', '21232B', '22919F', '82482D', '21169G', '23300F', '22090X', '22501Q', '21892U', '22383K', '22637S', '21523L', '22906G', '22745M', '22675S', '23529E', '23078Y', '21497K', '22663L', '22467G', '22469S', '22900U', '22488P', '22994B', '20726C', '23035A', '21668N', '48138T', '21395V', '21930O', '22772B', '22959R', '22960K', '22508O', '21908X', '20979K', '23232F', '21080R', '23220L', '22173N', '22494U', '23221X', '85206AI', '16033Z', '22697A', '22979P', '22948C', '22539E', '20977U', '23155O', '84692Z', '23198Y', '22690X', '85199SA', '22558H', '20985D', '22399O', '22981K', '23108J', '22867O', '23209X', '22984H', '22584Q', '82578R', '23367M', '47590AN', '21479J', '21485W', '47471B', '21165F', '21519A', '22672E', '21980L', '23582G', '23581R', '22704P', '21124F', '23434Y', '84970SL', '21890Y', '21136P', '21876I', '22698C', '23541C', '22661W', '21090G', '23536M', '23508J', '23535V', '21811V', '22699D', '22622G', '23526G', '82582N', '48116K', '23301G', '22088I', '23321O', '23284M', '21200G', '23308G', '21398J', '21192D', '21181K', '23076Z', '23531S', '22915G', '23024J', '72741B', '21671K', '72802BO', '21207W', '22766P', '16237N', '84375E', '21201F', '23004D', '79030GK', '20975Y', '82581P', '47590BU', '22999A', '21669G', '21287D', '21430A', '22907C', '21439F', '47591DY', '22952P', '22773H', '48184N', '40003X', '23530G', '22674G', '16161UB', '21394I', '21314Q', '21164D', '85152E', '22671U', '35953W', '22668V', '84313BG', '21621T', '21403N', '22596T', '23506M', '22466O', '22865Y', '23365N', '23525T', '23360X', '23355Z', '23189A', '22619G', '22048X', '22222C', '22070Y', '22071O', '21034O', '20674R', '23205F', '23319Q', '23299D', '23281Z', '84535AT', '85071CC', '85071BT', '20677D', '22114V', '20676O', '23231J', '85071AE', '22138G', '23366F', '22573R', '20711L', '23172Q', '21830E', '21843C', '20983Y', '23504V', '23503O', '23493H', '23445C', '23119M', '23132P', '23435M', '22382I', '21929W', '84508AE', '21955E', '22602D', '84970LF', '23370K', '23376B', '23371H', '22893O', '22633V', '23168M', '22343N', '20718A', '23165S']"
195498,"['22197J', '23005J', '22693N', '22065D']"
295497,['22693N']
394506,['85123AY']
294507,['20713F']
94509,['62018W']
5490,['20713F']
105489,"['22355U', '20724F', '20719E', '21212D', '23204B', '21620I', '20723U', '22178V', '21975B', '22951B', '22356T', '23206T', '21213V', '72232C', '20725N', '22554P', '21918L', '20728Z', '22030B', '21121C', '23205F', '84991R', '22998M', '22243L', '22086O', '23209X', '23121M', '22302N', '71459J', '22301J', '22303W', '84755J', '22300C', '22304I', '21976M', '21871Y', '21068Y', '23310X', '20712E', '21070F', '23268O', '62018W', '21066X', '22384W', '22383K', '23199M', '22417M', '35961N', '22489J', '23076Z', '23309L', '79321V', '22741O', '21931F', '22418R', '21498M', '20726C', '22661W', '21916D', '22328M', '21731V', '22411U', '22578A', '21124F', '84978X', '47566Y', '84029EX', '23119M', '22029R', '21080R', '22908G', '23281Z', '23200Y', '21790Y', '23344R', '22027K', '22993E', '22326L', '22558H', '85099CQ', '22577B', '84945I', '21385E', '22294U', '22114V', '22130P', '22352Z', '21872C', '22077P', '20718A', '21509I', '23122S', '22728B', '21810L', '22712N', '20972O', '20727V', '84970SL', '21232B', '23077P', '84946F', '23307D', '23294M', '23293D', '22556N', '22551F', '84692Z', '22467G', '23240L', '23203B', '23123F', '23078Y', '22466O', '22727B', '22961C', '22956D', '22804V', '22726C', '22659F', '22630B', '75049LA', '23581R', '22560W', '35095AT', '35095BN', '22382I', '22610S', '22662G', '23290W', '21977R', '21394I', '21166I', '84949O', '21137F', '21122K', '21928E', '21929W', '21930O', '21422L', '84997DC', '21936G', '20971S', '84997CQ', '16237N', '16161PA', '84929V', '21559P', '79323BM', '21669G', '21499T', '21479J', '21326V', '79030GK', '22771L', '21500P', '22714G', '21481J', '22772B', '21507E', '22962X', '21395V', '22834J', '22609U', '22910D', '21154F', '22966E', '22984H', '23280V', '23270T', '15056ND', '23295P', '23296Z', '23298Q', '23247Z', '23300F', '23301G', '23245W', '85175B', '20975Y', '23321O', '23202Z', '85099BJ', '21136P', '23355Z', '21231K', '21238G', '84970LF', '79000Z', '21899D', '21673M', '21917S', '84077K', '21900A', '22399O', '84029GV', '21874B', '84596GP', '22491V', '21704M', '22174M', '22333G', '79190BW', '22557Z', '21668N', '22158K', '23159Q', '23201S', '16045M', '21069U', '23171H', '23144I', '23155O', '21932M', '21078I', '21094A', '22112V', '22087E', '22075W', '21934D', '22028K', '20992N', '20984B', '22297H', '21937S', '20750C', '22245R', '22331U', '22041A', '23230A', '20711L', '22227K', '22131I', '21982Y', '21988M', '20717I', '22579W', '21902W', '21672A', '22729W', '21429E', '22531M', '22549T', '22663L', '21703M', '22629C', '21811V', '22621P', '22614B', '22613A', '22567D', '22608F', '22585G', '21746N', '22792D', '21218O', '21240N', '21519A', '22996P', '22994B', '21892U', '21891R', '21875C', '21242V', '22460J', '21818Q', '22419N', '22898W', '22457C', '22817Z', '22805C', '22645V', '90057R', '84997BG', '23319Q', '51014AW', '84596BQ', '35970L', '23571G', '84947R', '84380W', '51014CF', '23322J', '84987W', '23493H', '23297N', '23292K', '82494LP', '47503AN', '23582G', '23289K', '37370Z', '40016U']"
305487,['84568Z']
484515,"['22629C', '84992D', '85099BJ', '22630B', '21731V', '22328M', '23209X', '20724F', '84929V', '23293D', '22386V', '23345S', '21212D', '20712E', '22544C', '23203B', '23346H', '22326L', '85099FC', '22551F', '23206T', '20719E', '20725N', '23205F', '21121C', '23199M', '21390P', '22489J', '23295P', '22951B', '23507E', '23005J', '23297N', '21929W', '22985B', '22383K', '23204B', '85099CQ', '22554P', '23240L', '20728Z', '21928E', '22029R', '22384W', '22557Z', '23294M', '21976M', '23201S', '22355U', '22417M', '22759Z', '23200Y', '23510V', '22418R', '23207R', '22411U', '90057R', '22940N', '22712N', '22294U', '21509I', '23121M', '22610S', '22693N', '22382I', '22189I', '20726C', '22998M', '22178V', '20723U', '22467G', '15034D', '22661W', '22959R', '23296Z', '22244X', '23281Z', '23171H', '23245W', '84596GP', '22356T', '22908G', '22631M', '23170S', '22553Q', '22027K', '23328X', '23202Z', '23353X', '21559P', '22662G', '22556N', '22543G', '21980L', '22909Z', '23545U', '17096D', '22131I', '21124F', '23326S', '22385P', '21672A', '84755J', '21080R', '84879M', '22546L', '22609U', '21984W', '22507V', '22555O', '23307D', '21623S', '21931F', '79321V', '23550P', '22531M', '21881M', '22983O', '22950F', '23287L', '23234A', '20979K', '22663L', '23292K', '23122S', '35961N', '22149E', '20974J', '22728B', '22379G', '22652D', '20727V', '23113X', '22243L', '22352Z', '22348L', '21873C', '23144I', '21882L', '23208E', '22534C', '22539E', '22714G', '22147L', '23230A', '21181K', '22710N', '22558H', '84997DC', '21156K', '22956D', '21481J', '21507E', '47566Y', '22470E', '20711L', '22030B', '22716A', '23078Y', '22460J', '23275I', '16161PA', '21914B', '37370Z', '22245R', '22899Q', '23189A', '21644N', '22367K', '21561W', '21122K', '21932M', '23231J', '82484O', '22150K', '21218O', '23290W', '22423U', '23241W', '22834J', '23298Q', '23236J', '23086Z', '22699D', '22697A', '23123F', '22174M', '22533C', '22698C', '21879Z', '21137F', '22725X', '23177K', '22726C', '23436I', '21429E', '21733F', '23076Z', '21240N', '22738Y', '22993E', '23327C', '22399O', '23344R', '84970LF', '22739W', '21508L', '71459J', '22766P', '23280V', '22273M', '84947R', '23360X', '21933N', '20972O', '85123AY', '21930O', '16237N', '23193C', '23312N', '22025A', '21877C', '21880B', '22292I', '22585G', '20676O', '23389U', '23084M', '23291F', '23289K', '22593E', '22335Z', '84406BH', '84949O', '84997BG', '21292J', '21669G', '22952P', '21232B', '21544W', '22111I', '22736S', '22619G', '21385E', '84970SL', '22505F', '22545H', '21035O', '23308G', '23120O', '23480U', '23172Q', '48111G', '23314P', '22466O', '23108J', '23255L', '21238G', '21210C', '21154F', '84692Z', '22045U', '22041A', '22082A', '21086B', '23237P', '23256O', '22617A', '23242A', '22491V', '22540W', '22729W', '84029EX', '22866X', '21094A', '20984B', '22336O', '22296X', '22910D', '21876I', '22381J', '23347G', '23119M', '23340L', '35610AZ', '22078R', '22964E', '21918L', '22659F', '22128V', '22337H', '22984H', '20675E', '22567D', '22333G', '22331U', '23506M', '84508AE', '21498M', '22957K', '23165S', '21844I', '21239K', '22967M', '22037V', '21830E', '22704P', '22142B', '85049CP', '16219C', '22138G', '22633V', '22963K', '23500J', '22478H', '22734C', '71477B', '21485W', '47503AN', '84997CQ', '23174D', '47599AI', '21399R', '22055T', '22900U', '21500P', '22907C', '23306Z', '21975B', '21884K', '22570W', '20718A', '20717I', '22254T', '22818I', '22988D', '22800V', '22780U', '22779J', '22637S', '85049GC', '22613A', '22898W', '22961C', '23114G', '23125Q', '22628U', '22329R', '22632O', '22338I', '22692J', '22508O', '22706R', '22708V', '22720A', '22735X', '22479R', '22477A', '22749K', '22816Q', '22817Z', '22865Y', '22904F', '22944W', '22139Q', '22945X', '22946R', '22674G', '22962X', '22972W', '22305S', '22242L', '22196G', '22594A', '22601T', '22608F', '23083I', '23100G', '22112V', '90210CN', '84596BQ', '21174F', '23372N', '23371H', '84596FA', '23355Z', '21896V', '21650J', '21167A', '23546H', '21934D', '21936G', '21155Z', '79163I', '21981M', '21058L', '21668N', '21249J', '21558V', '21810L', '82552M', '21242V', '23512S', '21770E', '23513C', '21785M', '21818Q', '21874B', '23445C', '21671K', '21670S', '84313CE', '84347V', '23534D', '85014BD', '23309L', '23508J', '72351AA', '22049I', '20713F', '22047L', '21988M', '21499T', '23190S', '23182N', '20750C', '23175H', '23173W', '22028K', '72351BE', '22083G', '85180BR', '22084R', '48116K', '22086O', '23254E', '37340T', '10133M', '22077P', '21320U', '21245S', '22740K', '22819Q', '21380E', '22741O', '22095Q', '22435K', '22814E', '22429T', '75049LA', '22440M', '22434S', '82551H', '22771L', '75178B', '79030GK', '22458G', '22755K', '21289T', '22791E', '21314Q', '22747N', '22804V', '22807L', '22746G', '82482D', '22812G', '62018W', '22480D', '22482I', '20978G', '20975Y', '20973S', '20963G', '22668V', '22571W', '20914Q', '22573R', '22579W', '85131AI', '85150Z', '22646J', '85178F', '22603Q', '20677D', '20619I', '17091JD', '10135P', '22621P', '85035CL', '85035BB', '84976S', '21198V', '22483A', '84029GV', '84050K', '84375E', '22715M', '84536AK', '21199L', '22394F', '21197E', '21065W', '84598D', '22702X', '21166I', '84792X', '22537N', '84819I', '84945I', '21078I', '51014CF', '22614B', '22980U', '21845L', '22144E', '23583L', '23225T', '22932Q', '22933B', '23536M', '23535V', '23526G', '23515Q', '23244J', '23082N', '22148Z', '22327P', '22974E', '22046Q', '22171T', '22297H', '21986A', '23390M', '23388F', '23370K', '22996P', '22997O', '22210R', '21898V', '22219N', '21935J', '23004D', '22043M', '22035X', '23101Y', '22855Q', '21495P', '47504HB', '46000SJ', '22896Q', '22892Z', '21504V', '21428B', '35970L', '22127Y', '22075W', '22087E', '48184N', '22080D']"
84519,['22273M']
215478,"['21108Z', '17084RT']"
315477,['84568Z']
433566,['21787C']
323577,"['21135E', '84077K', '82583N', '85123AY', '82580N', '85106U', '21166I', '22151L', '82600H', '84755J', '16008I', '22413V', '71459J', '84836J', '22491V', '23230A', '22489J', '84988Y', '22666I', '22702X', '22350T', '23084M', '22578A', '17096D', '22349R', '22961C', '21673M', '23543B', '85049AF', '22560W', '22384W', '21498M', '21174F', '21915K', '21931F', '22584Q', '21672A', '23268O', '21670S', '22969Z', '21668N', '22536B', '75049LA', '23232F', '21326V', '22998M', '16033Z', '22440M', '79000Z', '22469S', '21874B', '47566Y', '22178V', '21733F', '22700C', '20727V', '22996P', '22711H', '21908X', '23507E', '21497K', '21669G', '21791H', '22667K', '22741O', '22804V', '21790Y', '84879M', '22791E', '22950F', '21889K', '84378P', '22960K', '22071O', '22943F', '20676O', '20914Q', '22411U', '22355U', '85099FC', '22070Y', '22111I', '20674R', '23076Z', '22637S', '20725N', '22470E', '20724F', '40003X', '22633V', '22792D', '20719E', '22577B', '22561Z', '22045U', '23298Q', '22558H', '84945I', '21169G', '23114G', '21181K', '20712E', '22910D', '84970SL', '23510V', '21914B', '22467G', '22222C', '22383K', '22296X', '22336O', '22112V', '22501Q', '22632O', '22530D', '22533C', '23531S', '22534C', '22090X', '22088I', '22087E', '21977R', '21981M', '22582E', '22546L', '23166P', '84692Z', '40016U', '23078Y', '20677D', '21485W', '23035A', '23310X', '85152E', '23307D', '22865Y', '85150Z', '20726C', '22866X', '22992G', '22991T', '21232B', '22704P', '22989L', '21165F', '23231J', '85099BJ', '21136P', '21124F', '21122K', '22966E', '84950I', '84946F', '21671K', '21873C', '23186V', '21843C', '23113X', '21829T', '23108J', '22771L', '21080R', '21499T', '85204U', '21500P', '23204B', '22417M', '22356T', '23131M', '22531M', '23206T', '22423U', '22419N', '22508O', '23202Z', '22507V', '23192L', '23199M', '22457C', '22993E', '23083I', '22386V', '22675S', '22963K', '22601T', '22672E', '22708V', '22668V', '22722E', '22659F', '22740K', '22653U', '22651T', '22772B', '22773H', '22774I', '23434Y', '22615Z', '23327C', '23497Q', '22539E', '22812G', '22813K', '23318Z', '22573R', '23308G', '22555O', '23526G', '23530G', '22893O', '22907C', '23535V', '22945X', '22951B', '22540W', '22938X', '22326L', '44234S', '22027K', '22102P', '20972O', '20974J', '22048X', '79164C', '20979K', '22047L', '20983Y', '22041A', '79321V', '79323BM', '21164D', '22029R', '82494LP', '72351BE', '21231K', '82578R', '82581P', '82582N', '21238G', '21240N', '84212C', '21875C', '84970LF', '84535AT', '21495P', '84947R', '21533B', '22103E', '21700U', '16161UB', '22117N', '20723U', '85213R', '22333G', '16216D', '22161W', '23168M', '22147L']"
303597,"['84879M', '22440M', '22197J', '21977R', '21620I', '22998M', '85099BJ', '23114G', '22386V', '22355U', '23203B', '85099FC', '22151L', '21175V', '21731V', '21791H', '23171H', '22952P', '22086O', '22178V', '20724F', '23201S', '23310X', '84755J', '21891R', '84992D', '20974J', '15034D', '22130P', '21137F', '22659F', '22991T', '84978X', '21874B', '84950I', '23170S', '75049LA', '85099CQ', '23199M', '22910D', '71459J', '20719E', '22610S', '84946F', '22620B', '22759Z', '23077P', '22741O', '22740K', '22578A', '23209X', '22992G', '20728Z', '21889K', '20725N', '21213V', '23293D', '21877C', '21873C', '21498M', '20971S', '23204B', '23205F', '23344R', '23207R', '23215I', '21790Y', '22411U', '23115D', '22379G', '21931F', '20712E', '22577B', '22609U', '22111I', '22865Y', '22950F', '22909Z', '22712N', '23300F', '23298Q', '23294M', '22699D', '21929W', '22493I', '21704M', '23309L', '23245W', '22507V', '23230A', '23301G', '22294U', '22266W', '22508O', '22423U', '21181K', '23581R', '23571G', '23570W', '21232B', '21326V', '21390P', '23378J', '21479J', '21485W', '22356T', '21499T', '22637S', '21500P', '22595D', '23206T', '22727B', '22728B', '23076Z', '22560W', '21975B', '23078Y', '22561Z', '21918L', '21914B', '21902W', '22558H', '21980L', '21900A', '21899D', '22564D', '22993E', '23144I', '23157X', '22988D', '21876I', '22985B', '22961C', '22959R', '22383K', '23174D', '23175H', '23177K', '22030B', '23200Y', '22866X', '21928E', '47566Y', '23202Z', '84029EX', '84945I', '20723U', '85204U', '79321V', '84347V', '21080R', '11001M', '84947R', '84991R', '84508AE']"
3600,"['48187N', '20685H', '48194E', '48188P', '16219C', '48185J', '48173CT', '48138T', '22690X', '48116K', '21955E', '21523L', '71477B', '84879M', '21181K', '72802CE', '82583N', '23284M', '85185BY', '23077P', '47556BE', '48111G', '72802BO', '21908X', '21621T', '16045M', '22985B', '85099CQ', '21609B', '72807CP', '22692J', '21391B', '23530G', '23133S', '23531S', '84997BG', '21166I', '84926EY', '79191CA', '47566BG', '23056D', '23529E', '85232BG', '23004D', '22188M', '23400Q', '84946F', '23270T', '21980L', '21326V', '23541C', '23525T', '84949O', '81952BK', '82482D', '21232B', '23122S', '22577B', '22178V', '22783G', '21900A', '22385P', '22386V', '48129Y', '85152E', '35953W', '22988D', '84313CE', '21877C', '84029EX', '23300F', '21700U', '21899D', '22348L', '23301G', '21902W', '21984W', '84978X', '23170S', '22710N', '22609U', '22418R', '84050K', '20971S', '84926AC', '23076Z', '21430A', '23072K', '22855Q', '22155O', '23215I', '23334M', '22780U', '22986P', '23071Z', '84660BF', '21718N', '23200Y', '22579W', '23132P', '23226J', '21889K', '21891R', '84950I', '84660CD', '22094G', '22983O', '21498M', '23354R', '16156SH', '82582N', '22219N', '21791H', '21108Z', '47593BL', '21985C', '20992N', '21500P', '23344R', '82494LP', '23331G', '72803AM', '21905C', '20914Q', '23055P', '22459S', '22086O', '23228Z', '22598V', '22599V', '22411U', '23203B', '22128V', '37327B', '23172Q', '20676O', '22691G', '90191S', '23264K', '23266U', '22652D', '23508J', '72351BE', '16235A', '22571W', '22564D', '22469S', '16237N', '21669G', '21898V', '23307D', '79321V', '21897X', '82484O', '23321O', '23186V', '20974J', '22464B', '22697A', '23570W', '23322J', '23326S', '23571G', '23581R', '72351AA', '23245W', '22494U', '23437J', '22766P', '22867O', '23057O', '84755J', '20733F', '22699D', '22030B', '22993E', '22493I', '22488P', '21811V', '21703M', '23333X', '23119M', '21875C', '22585G', '22102P', '21986A', '22379G', '23175H', '21731V', '23283I', '20829J', '21069U', '84997AH', '82551H', '84536AK', '84692Z', '84660AU', '21292J', '21174F', '23436I', '16161PA', '22791E', '22620B', '85132CX', '22775S', '22992G', '22174M', '23263V', '82599S', '22037V', '23550P', '23231J', '22333G', '84380W', '23201S', '21084K', '23173W', '21015F', '23438M', '22908G', '20719E', '16161UB', '22328M', '22158K', '21892U', '21287D', '23078Y', '85230BW', '22051L', '22601T', '22050N', '23204B', '22173N', '16169EL', '85230GS', '21715T', '22594A', '22558H', '22098N', '22130P', '23371H', '21390P', '21179M', '22191G', '23329B', '23265T', '22187R', '22340Z', '84596BQ', '21428B', '22938X', '20726C', '85107Y', '23504V', '22707D', '22597M', '22243L', '23521G', '23374A', '23372N', '22959R', '22554P', '21785M', '72741B', '84663AD', '23154P', '11001M', '23351C', '22334J', '21137F', '21424R', '21175V', '22109D', '84987W', '79163I', '16259V', '21439F', '21716W', '22732E', '23549U', '22297H', '22295V', '22741O', '23187K', '22534C', '23084M', '22024W', '21212D', '21012K', '22810S', '22600F', '23506M', '47599BN', '23319Q', '23320Z', '22561Z', '15034D', '22181S', '23269G', '35970L', '21162S', '21976M', '22662G', '22661W', '17084RT', '22712N', '23148U', '22733V', '21824R', '22338I', '85123AY', '22537N', '17003M', '23093U', '21987U', '22305S', '23207R', '21164D', '23208E', '23158A', '23113X', '84818C', '21094A', '21158R', '22336O', '21481J', '23332P', '22039V', '22625P', '21668N', '23431D', '21479J', '23439A', '22467G', '22967M', '21619X', '22157E', '15056BLH', '22581L', '20728Z', '22087E', '21499T', '22452K', '22572W', '10135P', '22851J', '23538H', '47559BK', '21238G', '21495P', '22603Q', '21983K', '21733F', '22551F', '23330V', '82001SP', '23324I', '22365S', '22748P', '23309L', '22043M', '23355Z', '21810L', '85132BP', '22991T', '21165F', '22745M', '23014Q', '21991R', '22092C', '22154A', '23006Q', '22726C', '23101Y', '22100W', '22779J', '85036BO', '22916M', '84976S', '20749K', '22142B', '21314Q', '22921W', '22027K', '22970T', '22816Q', '20677D', '22918F', '22156L', '22957K', '22025A', '22956D', '20750C', '22952P', '22079R', '21313C', '17012FV', '85150Z', '21642S', '23432V', '21658U', '22602D', '22421F', '22614B', '23375T', '15056ND', '23373C', '22708V', '22366J', '21745D', '22646J', '21169G', '51014CF', '51014AW', '82486S', '47566Y', '35961N', '21317B', '21289T', '22466O', '23582G', '10133M', '23524P', '23473C', '21509I', '23503O', '22429T', '22593E', '21559P', '23478N', '82483P', '21844I', '84596FA', '21159V', '21890Y', '21090G', '17012CF', '22293T', '23199M', '22331U', '22698C', '23156J', '23159Q', '21086B', '22356T', '21907O', '21817I', '85127T', '23163U', '22355U', '22449L', '22153K', '22576Y', '85062E', '22728B', '22747N', '22138G', '85038L', '20713F', '22557Z', '85231BK', '22483A', '22129R', '10080Q', '22227K', '22720A', '22115J', '17012DE', '22440M', '85116X', '85048L', '22677N', '22360Q', '18097CF', '22361C', '22362K', '22644U', '22771L', '22339G', '22628U', '22112V', '22398K', '22730Z', '22737B', '22736S', '22196G', '22811M', '16011L', '22731C', '22296X', '22423U', '22840S', '22382I', '84971SZ', '20982C', '21506J', '23213E', '23205F', '84535BP', '21524I', '21059H', '21026D', '21507E', '23161A', '21931F', '21504V', '21530W', '20996R', '23147S', '84673BX', '47599AI', '84800LZ', '23109C', '21988M', '47590AN', '23082N', '23227V', '23482R', '20975Y', '23413A', '71459J', '23404U', '23377A', '23369X', '72349BT', '23359S', '23356F', '23352S', '23349J', '21655P', '21136P', '82581P', '82600H', '22505F', '23275I', '21820X', '23480U', '23256O', '23254E', '21830E', '20977U', '23399Y', '22029R', '85015Z', '22981K', '22047L', '84944E', '22081J', '22082A', '22965Z', '22083G', '22962X', '22945X', '22091C', '22933B', '22932Q', '22931M', '22095Q', '22920I', '22919F', '22917U', '22103E', '35924B', '21244H', '21263T', '21447O', '22999A', '85014BD', '23029D', '23568M', '23028D', '23013O', '22041A', '23566Z', '22044P', '21458O', '22997O', '23039F']"
83619,['84077K']
473625,"['22610S', '21108Z', '47566BG', '85099BJ', '22578A', '85175B', '84946F', '22386V', '21175V', '22355U', '23203B', '23077P', '22910D', '22178V', '22609U', '22952P', '22086O', '20724F', '84755J', '20719E', '22065D', '71459J', '22130P', '22577B', '23293D', '22741O', '85099FC', '85099CQ', '16045M', '20668K', '21931F', '21213V', '23078Y', '23344R', '21326V', '23571G', '79321V', '23199M', '21928E', '48185J', '23209X', '23581R', '23295P', '23307D', '23297N', '23204B', '23296Z', '23310X', '21498M', '84978X', '22608F', '22865Y', '22659F', '22411U', '20712E', '22950F', '20728Z', '20971S', '22959R', '84077K', '84945I']"
26370,"['23005J', '22998M', '16156SH', '22492E', '22710N', '21497K', '23232F', '23230A', '22713C', '21135E', '22469S', '16161UB', '23233W', '22470E', '21733F', '21506J', '22045U', '22273M', '22610S', '71459J', '82583N', '23171H', '21166I', '84992D', '22029R', '84508AE', '22147L', '84879M', '21212D', '21498M', '15034D', '22560W', '22659F', '82580N', '23231J', '84755J', '21918L', '22996P', '21916D', '82600H', '21704M', '84945I', '22969Z', '16161PA', '16045M', '85099BJ', '23293D', '22950F', '22834J', '22151L', '22741O', '84991R', '22189I', '21891R', '23309L', '22489J', '22609U', '22578A', '20713F', '23203B', '21500P', '84212C', '22149E', '21326V', '23310X', '22065D', '21495P', '22491V', '22419N', '22570W', '84988Y', '21499T', '22693N', '22711H', '21928E', '21213V', '23307D', '79321V', '23294M', '23076Z', '37370Z', '22791E', '85106U', '22178V', '22704P', '22558H', '22910D', '22047L', '22616B', '22651T', '21915K', '23202Z', '82581P', '20973S', '20712E', '22417M', '23170S', '75049LA', '21181K', '21210C', '22577B', '22077P', '16169EL', '85099CQ', '85099FC', '84970SL', '21174F', '21086B', '47566Y', '22959R', '22960K', '22961C', '22963K', '21790Y', '22986P', '22988D', '22993E', '22994B', '85150Z', '84836J', '21931F', '21673M', '21672A', '72741B', '79000Z', '21232B', '22326L', '21787C', '21201F', '23543B', '22384W', '22243L', '35095AT', '35095BN', '21165F', '22382I', '22030B', '22411U', '23144I', '22771L', '21929W', '21670S', '23078Y', '21669G', '21668N', '22720A', '22413V', '22662G', '22629C', '22952P', '23295P', '23296Z', '23298Q', '21830E', '22652D', '16008I', '84375E', '85175B', '20974J', '84946F', '20726C', '20971S', '84535AT', '85049AF', '16237N', '85152E', '22964E', '22792D', '22027K', '21731V', '21313C', '79190BW', '21485W', '23434Y', '21394I', '22418R', '20676O', '22112V', '84692Z', '20979K', '23209X', '23208E', '22467G', '22090X', '23236J', '23300F', '22772B', '22569R', '21395V', '22048X', '22556N', '22991T', '23297N', '22534C', '22775S', '22983O', '23245W', '23308G', '22985B', '22086O', '22087E', '23318Z', '23240L', '16235A', '23199M', '22631M', '20727V', '84947R', '21984W', '21169G', '22675S', '22674G', '22338I', '37327B', '82582N', '22706R', '21137F', '22951B', '22672E', '21136P', '21671K', '21122K', '21200G', '20725N', '20718A', '22740K', '23002D', '22697A', '21650J', '23159Q', '21975B', '22699D', '23103F', '23155O', '21980L', '84970LF', '22046Q', '84378P', '22999A', '23108J', '22708V', '17003M', '21981M', '23120O', '23119M', '16259V', '20969R', '84997DC', '22614B', '20914Q', '22653U', '21908X', '23200Y', '22666I', '20975Y', '23187K', '82484O', '20723U', '23206T', '23177K', '23207R', '23175H', '22633V', '23174D', '21917S', '22632O', '20728Z', '21892U', '23172Q', '22759Z', '20983Y', '21519A', '22037V', '23168M', '21914B', '84077K', '22536B', '22568A', '21080R', '22945X', '84691N', '47591DY', '22348L', '21844I', '22356T', '22379G', '21231K', '22773H', '22815Y', '22383K', '84568Z', '22386V', '23436I', '23550P', '22333G', '22943F', '21094A', '22174M', '10133M', '22303W', '22302N', '22188M', '47503AN', '21154F', '21811V', '22900U', '22197J', '21121C', '85230EY', '22219N', '23435M', '22139Q', '21238G', '22102P', '22457C', '21746N', '21314Q', '22979P', '21878P', '23326S', '22084R', '22083G', '21035O', '23306Z', '22774I', '22989L', '22992G', '22561Z', '22071O', '21749U', '21936G', '22966E', '22970T', '22111I', '23356F', '21242V', '22423U', '16033Z']"
226368,['15034D']
426366,"['21967J', '21977R', '21212D', '84879M', '21175V', '22952P', '22950F', '22909Z', '22629C', '21731V', '21985C', '21899D', '21900A', '84950I', '21791H', '21982Y', '21902W', '22630B', '22985B', '84991R', '23176Z', '22991T', '85099BJ', '15036Z', '23215I', '22551F', '22992G', '23193C', '23177K', '23157X', '20974J', '21975B', '21790Y', '23340L', '23378J', '21984W', '22910D', '23207R', '21213V', '22560W', '85099FC', '22659F', '22940N', '22961C', '22493I', '23194R', '21121C', '23201S', '22561Z', '23203B', '85099CQ', '22564D', '22578A', '22470E', '21098K', '21980L', '21981M', '23380Y', '84755J', '22620B', '22386V', '23381G', '21498M', '23346H', '23310X', '22348L', '23345S', '22457C', '22382I', '22466O', '21733F', '22469S', '23268O', '22740K', '23170S', '23166P', '22749K', '22086O', '22096G', '22714G', '22178V', '22191G', '22666I', '22619G', '22959R', '22615Z', '22966E', '22326L', '22969Z', '22577B', '21929W', '23077P', '21914B', '22741O', '22540W', '21888F', '21877C', '22558H', '11001M', '84978X', '79000Z', '20972O', '84988Y', '21084K', '84946F', '71459J', '21181K']"
463635,['84879M']
363636,['22616B']
263637,"['72232C', '17096D', '21977R']"
36360,['72232C']
163638,['22197J']
236358,['21212D']
336357,['84992D']
153648,"['21977R', '85099BJ', '21137F', '23115D', '20724F', '15036Z', '22178V', '22355U', '85099FC', '22386V', '22065D', '20719E', '16045M', '84755J', '20668K', '22610S', '23206T', '23209X', '23204B', '23199M', '71459J', '75049LA', '16216D', '22578A', '20723U', '84946F', '79321V', '22411U', '21213V', '23310X', '84212C', '20728Z', '23205F', '20725N', '22577B', '85099CQ', '20712E', '84945I', '23203B', '21975B', '22741O', '22086O', '21931F', '22030B', '22608F', '75131T', '23344R', '21498M', '21326V', '21232B', '22609U', '21166I', '21181K', '47566Y', '22384W', '21135E', '71477B', '21080R', '22910D', '21731V', '23293D', '23078Y', '23245W', '22383K', '22951B', '22554P', '22558H', '22243L', '22356T', '21929W', '23201S', '23200Y', '21928E', '23076Z', '23121M', '22659F', '22661W', '84991R', '20726C', '84029EX', '84947R', '84978X']"
53649,"['21212D', '20713F']"
46350,['21108Z']
143658,"['22492E', '85123AY']"
43659,['21787C']
156339,['84077K']
456336,"['20724F', '22355U', '20719E', '23204B', '85099BJ', '20725N', '22178V', '23209X', '22030B', '23206T', '62018W', '20723U', '22189I', '23205F', '20728Z', '22356T', '23199M', '84755J', '20712E', '21731V', '22554P', '84929V', '22383K', '22384W', '22411U', '71459J', '21918L', '85099CQ', '84029EX', '22629C', '22728B', '22951B', '79321V', '47566Y', '72232C', '71477B', '22303W', '23121M', '22301J', '20726C', '22294U', '22243L', '22086O', '21976M', '21931F', '21181K', '21121C', '21620I', '22302N', '21068Y', '21137F', '21080R', '21070F', '35961N', '23281Z', '23310X', '23202Z', '21066X', '20727V', '23203B', '21232B', '23200Y', '21166I', '22300C', '22908G', '21498M', '22630B', '21928E', '22578A', '22577B', '21929W', '22386V', '22304I', '90057R', '22661W', '84992D', '84945I', '23122S', '22027K', '22988D', '22114V', '82484O', '20971S', '84947R', '84997CQ', '82583N', '21623S', '23207R', '84949O', '23344R', '22029R', '85099FC', '22993E', '21672A', '84970LF', '21975B', '22726C', '84997DC', '22741O', '84970SL', '21124F', '21930O', '23245W', '75049LA', '23268O', '21509I', '20972O', '85175B', '21326V', '22326L', '23119M', '22352Z', '84692Z', '22382I', '22417M', '16237N', '22418R', '23078Y', '40016U', '21390P', '21385E', '22467G', '84946F', '22804V', '20713F', '22556N', '23076Z', '22557Z', '22558H']"
232668,"['21069U', '21871Y']"
67329,"['22998M', '22151L', '84879M', '23171H', '15034D', '85099BJ', '23170S', '85099FC', '22759Z', '21731V', '84508AE', '21900A', '20974J', '21899D', '21902W', '22740K', '23270T', '22386V', '22379G', '23175H', '23174D', '22197J', '22991T', '23193C', '23177K', '23176Z', '23293D', '22178V', '22610S', '16219C', '22992G', '22659F', '21918L', '23345S', '23230A', '21791H', '16045M', '21915K', '84991R', '22865Y', '23203B', '23232F', '22996P', '85099CQ', '21098K', '22266W', '22489J', '23144I', '17096D', '20712E', '37370Z', '21181K', '21084K', '21137F', '22560W', '22617A', '22423U', '23209X', '21704M', '22381J', '84992D', '23172Q', '22699D', '23173W', '23194R', '48187N', '62018W', '21213V', '22466O', '23310X', '22609U', '21929W', '84568Z', '21876I', '23295P', '23294M', '22564D', '22741O', '23245W', '84950I', '22950F', '23078Y', '23084M', '22959R', '23115D', '22243L', '84946F', '22866X', '22479R', '23298Q', '22549T', '21326V', '22435K', '22047L', '22960K', '21928E', '21896V', '22478H', '23346H', '23309L', '22493I', '21390P', '23166P', '20685H', '22477A', '21874B', '21700U', '21500P', '22620B', '22578A', '22633V', '22419N', '22558H', '23326S', '21156K', '21175V', '85078B', '22994B', '16161PA', '23545U', '21090G', '23353X', '22993E', '85123AY', '22661W', '48116K', '22979P', '21931F', '22712N', '48194E', '22698C', '23231J', '22595D', '20718A', '23215I', '21498M', '84535AT', '21430A', '21499T', '21873C', '22084R', '23207R', '20975Y', '22109D', '21888F', '22111I', '21892U', '22771L', '22916M', '23307D', '22940N', '22326L', '22834J', '17084RT', '84755J', '22919F', '21898V', '22385P', '23240L', '22917U', '21523L', '23076Z', '21485W', '23004D', '23086Z', '22619G', '22637S', '23234A', '21481J', '23201S', '23328X', '22921W', '21916D', '21897X', '22918F', '23296Z', '21891R', '21642S', '22980U', '22690X', '21790Y', '22666I', '21877C', '22981K', '21976M', '22632O', '82482D', '47591DY', '11001M', '48138T', '15036Z', '20719E', '48173CT', '82551H', '22411U', '48188P', '22417M', '22268P', '22555O', '20914Q', '71459J', '20963G', '72802CE', '75049LA', '22294U', '22488P', '22458G', '22467G', '22460J', '48111G', '84691N', '84970SL', '22561Z', '84997BG', '22593E', '85014BD', '22577B', '47566Y', '84947R', '21155Z', '85049GC', '20961S', '21439F', '21428B', '22910D', '85071BT', '84378P', '21770E', '23287L', '17091JD', '23275I', '22083G', '22775S', '21586H', '22086O', '85071CC', '84077K', '23182N', '16235A', '22969Z', '82582N', '22459S', '22333G', '23158A', '21509I', '23263V', '20726C', '20711L', '22150K', '23168M', '21507E', '20717I', '21830E', '22382I', '23165S', '22383K', '84949O', '21811V', '84692Z', '23205F', '21829T', '23241W', '23212C', '16237N', '22908G', '22418R', '22944W', '23210F', '23208E', '84596GP', '85071AE', '82552M', '20676O', '23308G', '22988D', '22704P', '22045U', '82494LP', '21955E', '21259G', '22557Z', '85175B', '85178F', '22674G', '21669G', '21232B', '22662G', '21671K', '22191G', '10133M', '85230EY', '85230GS', '23550P', '22025A', '22999A', '35095AT', '35095BN', '22027K', '22579W', '21174F', '22621P', '35923D', '90057R', '21154F', '23379K', '22692J', '22508O', '22286L', '79000Z', '22491V', '79191CA', '23331G', '23108J', '21917S', '22728B', '72802BO', '22530D', '23313G', '79190BW', '23119M', '79321V', '21380E', '22534C', '22720A', '22544C', '23187K', '23122S']"
167328,['22492E']
267327,"['22998M', '15034D']"
367326,['22197J']
422676,"['21069U', '21877C', '21871Y']"
312687,['84077K']
2700,"['85099BJ', '85099FC', '22693N', '22386V', '84568Z', '22197J', '20724F', '23084M', '22759Z', '22355U', '23115D', '21137F', '22178V', '20719E', '15036Z', '75049LA', '22379G', '23204B', '21731V', '84946F', '20723U', '23206T', '22554P', '23199M', '20725N', '21135E', '20712E', '22470E', '22469S', '47566BG', '21899D', '21900A', '84755J', '22243L', '23209X', '85099CQ', '22151L', '22417M', '22865Y', '22030B', '23205F', '84947R', '21929W', '22951B', '71459J', '20728Z', '22411U', '22356T', '21976M', '22029R', '22384W', '21902W', '21931F', '71477B', '22629C', '79321V', '21181K', '20726C', '22382I', '22866X', '22383K', '79323BM', '23170S', '22558H', '21703M', '21928E', '20727V', '21121C', '21080R', '22555O', '23310X', '84988Y', '21124F', '22440M', '47566Y', '22381J', '21790Y', '22385P', '23203B', '22423U', '23201S', '22301J', '22661W', '23176Z', '22466O', '21871Y', '84929V', '84945I', '21733F', '84978X', '22630B', '23202Z', '21068Y', '22086O', '22149E', '23200Y', '22174M', '21620I', '21915K', '21069U', '75131T', '22556N', '23177K', '22326L', '22993E', '22303W', '22302N', '22300C', '22662G', '22294U', '85106U', '21498M', '85175B', '22791E', '22489J', '22908G', '21975B', '35961N', '22633V', '23171H', '23281Z', '84029EX', '21166I', '82580N', '22418R', '21509I', '21507E', '23268O', '21930O', '22663L', '21070F', '21559P', '21122K', '21066X', '21918L', '21086B', '21084K', '23231J', '22041A', '22712N', '84997BG', '21385E', '22491V', '22969Z', '22726C', '20711L', '84949O', '22467G', '22728B', '23344R', '23121M', '23114G', '22304I', '22065D', '85204U', '22741O', '23078Y', '22613A', '84692Z', '21232B', '22557Z', '22577B', '20975Y', '23193C', '21985C', '22956D', '23175H', '22027K', '23431D', '82583N', '82600H', '22804V', '22551F', '22549T', '21672A', '21936G', '23355Z', '21982Y', '23298Q', '23290W', '22771L', '21499T', '23510V', '23275I', '23172Q', '23077P', '21810L', '21830E', '21791H', '21770E', '23122S', '22984H', '21877C', '22966E', '22964E', '22963K', '22961C', '21673M', '23174D', '21500P', '21888F', '21669G', '21668N', '21892U', '23194R', '23207R', '22921W', '22919F', '22918F', '23230A', '22917U', '23245W', '22916M', '21670S', '23076Z', '20972O', '22142B', '23582G', '22714G', '84997CQ', '22699D', '84077K', '22631M', '22697A', '84970SL', '84970LF', '23507E', '21174F', '40016U', '22102P', '84836J', '21078I', '22632O', '22112V', '20718A', '22114V', '21094A', '22651T', '21156K', '22131I', '21213V', '84997DC', '82494LP', '22593E', '90057R', '22333G', '22352Z', '20973S', '72741B', '22578A', '79000Z', '21240N', '22585G', '21238G', '21231K', '85150Z', '48111G', '22399O', '22621P', '22297H', '22620B', '23581R', '20961S', '82482D', '20963G']"
392706,['85099BJ']
207288,['15036Z']
307287,['22740K']
217278,"['84879M', '84077K']"
272727,['22197J']
241857,['21915K']
41859,['22151L']
58140,['21175V']
458136,"['23084M', '84992D']"
130869,"['22197J', '17003M', '20724F', '22355U', '21918L', '85099BJ', '22998M', '22470E', '22469S', '22178V', '20719E', '23206T', '20725N', '23204B', '23209X', '21733F', '20712E', '84755J', '23199M', '22629C', '21916D', '22659F', '23205F', '23203B', '79323BM', '71459J', '85099CQ', '21931F', '21731V', '23230A', '20723U', '22384W', '22356T', '22030B', '22086O', '22969Z', '22411U', '21928E', '21891R', '20728Z', '62018W', '23309L', '22383K', '22988D', '84929V', '21929W', '23121M', '22951B', '20726C', '23310X', '22386V', '21080R', '21166I', '22029R', '22741O', '23293D', '22328M', '22326L', '22243L', '22554P', '23200Y', '22273M', '22993E', '21498M', '21790Y', '82583N', '23119M', '23171H', '23231J', '21703M', '23202Z', '23294M', '84945I', '21975B', '84947R', '22489J', '47566Y', '22294U', '79321V', '21121C', '85099FC', '22630B', '75049LA', '22556N', '21135E', '22147L', '22728B', '22077P', '35095BN', '35095AT', '22467G', '21976M', '22382I', '22417M', '22952P', '21232B', '22966E', '23296Z', '23295P', '21499T', '21069U', '40016U', '21086B', '23307D', '21124F', '35961N', '21181K', '23281Z', '23344R', '21385E', '21500P', '23170S', '21509I', '23245W', '22440M', '22491V', '22557Z', '22558H', '22560W', '22577B', '22609U', '22610S', '22616B', '22652D', '22661W', '90057R', '22726C', '22027K', '22908G', '21982Y', '21981M', '21930O', '22963K', '23076Z', '23078Y', '21871Y', '21700U', '23201S', '23207R', '21673M', '21672A', '21669G', '23240L', '71477B', '22418R', '84978X', '16237N', '82600H', '84946F', '84029EX', '79190BW', '84970SL', '20973S', '84992D', '20718A', '20727V', '84692Z', '82580N', '22960K', '21390P', '21210C', '22570W', '23326S', '21212D', '22697A', '22699D', '21395V', '21213V', '21394I', '84949O', '21218O', '22704P', '22996P', '21238G', '84997DC', '23355Z', '22149E', '23084M', '21326V', '21670S', '22959R', '22333G', '22961C', '21240N', '85175B', '22302N', '22303W', '21507E', '21668N', '84508AE', '23232F', '23208E', '22620B', '22621P', '84596GP', '21704M', '20971S', '22631M', '21559P', '22419N', '22651T', '22662G', '23144I', '15056BLH', '20972O', '23285I', '23286O', '23288S', '23290W', '23122S', '21497K', '20974J', '20975Y', '23297N', '23298Q', '22578A', '16161PA', '22301J', '22352Z', '84970LF', '22114V', '72232C', '20676O', '22804V', '22834J', '22791E', '22910D', '21154F', '79191CA', '22084R', '37370Z', '85230GS', '79000Z', '22720A', '21094A', '21122K', '22112V', '21980L', '22727B', '22090X', '22712N', '22045U', '21967J', '20711L', '21068Y', '22771L', '22772B', '21174F', '22385P', '21936G', '22907C']"
9090,"['22740K', '21135E', '84077K', '21915K', '22998M', '82583N', '22266W', '22492E', '22920I', '21977R', '22952P', '84755J', '71459J', '22086O', '21166I', '82580N', '21985C', '21874B', '22355U', '22741O', '23310X', '22610S', '21982Y', '22578A', '22111I', '21873C', '23230A', '22910D', '22151L', '21497K', '85078B', '23293D', '23232F', '21877C', '22178V', '22985B', '82600H', '20724F', '22950F', '85204U', '22659F', '22710N', '21498M', '84978X', '20719E', '21889K', '22560W', '21108Z', '16156SH', '85106U', '21984W', '47566BG', '22489J', '23076Z', '22045U', '21326V', '85123AY', '20712E', '22909Z', '22558H', '22637S', '21980L', '23297N', '22161W', '22951B', '22491V', '21876I', '21485W', '23077P', '16219C', '22577B', '35923D', '22130P', '23171H', '22384W', '22609U', '84970SL', '20725N', '21891R', '84836J', '21931F', '23307D', '22507V', '21914B', '22508O', '22766P', '22713C', '23212C', '21791H', '23210F', '22411U', '16161UB', '23209X', '23204B', '21069U', '23203B', '22197J', '22699D', '23294M', '22629C', '22993E', '20728Z', '84508AE', '21080R', '22983O', '23078Y', '23108J', '21499T', '47566Y', '21506J', '21670S', '21672A', '84946F', '22996P', '21731V', '22029R', '22065D', '22383K', '22630B', '79321V', '22356T', '22467G', '48187N', '23344R', '21673M', '22348L', '22652D', '23206T', '21232B', '20723U', '21500P', '20676O', '21621T', '21669G', '21668N', '23199M', '84692Z', '21790Y', '23233W', '23295P', '22771L', '23298Q', '85099CQ', '22326L', '23201S', '23205F', '20668K', '23296Z', '20685H', '23245W', '21098K', '23231J', '21981M', '23170S', '21810L', '21908X', '21875C', '21871Y', '22711H', '84879M', '85049AF', '22554P', '21174F', '22555O', '22961C', '22959R', '22501Q', '22551F', '22417M', '23263V', '22988D', '22382I', '23035A', '23144I', '22834J', '22662G', '79000Z', '20726C', '22047L', '84947R', '84991R', '21495P', '21181K', '22090X', '82582N', '22112V', '22267I', '20727V', '85099BJ', '22287S', '16237N', '75049LA', '16161PA', '22268P', '22286L', '16218Y', '22027K', '23200Y', '23309L', '85194SR', '21983K', '22698C', '22704P', '23318Z', '22791E', '23581R', '23571G', '22804V', '21620I', '22615Z', '21523L', '85150Z', '21314Q', '23208E', '21165F', '23202Z', '21154F', '21136P', '21124F', '23378J', '84949O', '22418R', '22243L', '22556N', '22413V', '22087E', '22539E', '22530D', '22386V', '22219N', '22138G', '22585G', '23192L', '23240L', '22908G', '22557Z', '21650J', '22943F', '21094A', '22960K', '22084R', '22970T', '48173CT', '21238G', '22986P', '20677D', '17096D', '20979K', '20718A', '22114V', '22867O', '22419N', '48194E', '23113X', '23121M', '23434Y', '23493H', '23380Y', '21122K', '21201F', '21671K', '20992N', '22661W', '22579W', '35970L', '23308G', '84212C', '22708V', '21928E', '21845L', '22818I', '23301G', '23300F', '37370Z', '22672E', '84945I', '22772B', '21976M', '22816Q', '84029EX', '23570W', '22077P', '22333G', '22071O', '22792D', '23366F', '23313G', '22774I', '22675S', '23225T', '22423U', '15036Z', '23321O', '16169EL', '22294U', '15056BLH', '15056ND', '23236J', '16033Z', '23340L', '23241W', '17038G', '22269G', '20996R', '23306Z', '22614B', '21035O', '21086B', '22343N', '22070Y', '22048X', '21704M', '21811V', '22720A', '21830E', '21844I', '22706R', '21929W', '22697A', '22674G', '21930O', '22030B', '22028K', '22907C', '22083G', '21509I', '21137F', '22094G', '23187K', '23172Q', '21121C', '23168M', '23157X', '22534C', '21507E', '21169G', '22616B', '22994B', '21210C', '21231K', '22962X', '22342F', '10002F', '84970LF', '23435M', '72741B', '72351BE', '23381G', '84375E', '51014AW', '48188P', '84535AT', '84596BQ', '84596GP', '23367M', '84988Y', '23355Z', '23354R', '85014BD', '82482D', '85178F', '22893O', '22971A', '22561Z', '22989L', '48138T', '22544C', '23508J', '23032G', '51014CF', '23503O', '22460J', '22865Y', '72351AA', '23083I', '23115D', '22398K', '22385P', '22345K', '22344M', '22338I', '22230W', '22567D', '47503AN', '22601T', '37340T', '22856A', '22831H', '22813K', '22900U', '23550P', '22915G', '22812G', '23543B', '23582G', '35471DY', '22726C', '23531S', '22228Q', '23530G', '22712N', '35912BK', '22707D', '35961N', '22969Z', '23334M', '22139Q', '22158K', '21240N', '84997DC', '85014AL', '21559P', '21481J', '21439F', '21394I', '21382O', '21244H', '21243M', '21242V', '21218O', '22155O', '21206X', '21200G', '21172S', '85049GC', '20983Y', '20975Y', '20972O', '20914Q', '20674R', '85199SA', '84997CQ', '84997BG', '84929V', '21746N', '82494LP', '22147L', '23154P', '82552M', '22129R', '82581P', '22096G', '22088I', '84050K', '22046Q', '22041A', '22035X', '22024W', '21986A', '84536AK', '84596FA', '21935J', '21933N', '21932M', '21918L', '21878P', '23119M', '22346F', '23351C', '23368D', '23439A', '23374A', '23207R', '23353X', '23211J', '23322J', '23174D', '23175H', '23182N', '23327C', '23431D', '23287L', '23284M', '23319Q', '23349J', '23433G', '21592F', '22336O', '21786G', '22339G', '21591D', '23583L', '21578P', '22817Z', '22352Z', '23352S', '21558V', '22773H', '22378H', '21078I', '23376B', '23377A', '22402W', '22815Y', '23188L', '22906G', '22297H', '22222C', '22211Y', '22898W', '22208X', '23163U', '22892Z', '22233K', '22866X', '22241L', '21754X', '22855Q', '23546H', '20974J', '22196G', '22749K', '23365N', '79030GK', '23299D', '22295V', '22819Q', '21936G', '21508L', '22645V', '22559A', '22671U', '22668V', '22666I', '21208V', '22663L', '22570W', '22573R', '40001M', '21216B', '21294T', '22734C', '40003X', '22633V', '22632O', '22631M', '44234S', '44235J', '21239K', '22621P', '22620B', '22597M', '23213E', '48184N', '21175V', '22549T', '22938X', '21479J', '22464B', '22465K', '23350Q', '22725X', '21430A', '21429E', '85061WF', '22715M', '22714G', '21155Z', '51014LS', '35953W', '21391B', '21390P', '21164D', '37327B', '85049EP', '21385E', '22693N', '85152E', '84987W', '22600F', '23004D', '23275I', '23028D', '23089K', '21888F', '23122S', '20675E', '22128V', '16011L', '23120O', '22113T', '22980U', '22043M', '82578R', '21917S', '23100G', '84029GV', '23002D', '23101Y', '21868Y', '21907O', '23000P', '16045M', '23103F', '22037V', '23510V', '22999A', '21881M', '22995T', '16054A', '21884K', '23133S', '21819N', '82551H', '23165S', '21934D', '10133M', '21803X', '22945X', '23504V', '21955E', '23445C', '23506M', '22156L', '23155O', '22154A', '21818Q', '20713F', '22957K', '22997O', '85177U', '23290W', '84536BE', '22075W']"
480915,['22197J']
180918,"['84077K', '23510V', '23507E', '22952P', '85175B', '21977R', '22130P', '22386V', '85099BJ', '22909Z', '23203B', '20724F', '23209X', '20712E', '23199M', '22355U', '23077P', '16045M', '22630B', '23344R', '84978X', '85099CQ', '22910D', '23113X', '84992D', '20719E', '22411U', '22616B', '84755J', '21928E', '22539E', '23201S', '23570W', '23581R', '22086O', '22102P', '23204B', '23508J', '23206T', '23202Z', '21871Y', '23571G', '23200Y', '22950F', '21931F', '23378J', '22693N', '22629C', '20725N', '22610S', '23293D', '79321V', '21975B', '84946F', '21914B', '21790Y', '22197J', '71459J', '22544C', '21137F', '23326S', '23117T', '84988Y', '22103E', '22178V', '62018W', '22578A', '21731V', '22158K', '23321O', '23506M', '22577B', '22384W', '22959R', '23207R', '84929V', '20723U', '21069U', '22993E', '21929W', '22294U', '71477B', '23346H', '21080R', '21915K', '20711L', '22356T', '23295P', '21498M', '23582G', '22328M', '22383K', '84991R', '23205F', '22631M', '21135E', '23307D', '20728Z', '84945I', '22741O', '23076Z', '23371H', '20726C', '22961C', '23240L', '22467G', '23208E', '85152E', '21232B', '23365N', '22609U', '23367M', '21213V', '20973S', '23300F', '90057R', '23157X', '22969Z', '82583N', '23536M', '21889K', '23340L', '23245W', '21591D', '22659F', '23370K', '22966E', '21810L', '22382I', '18007N', '23353X', '21672A', '22662G', '22557Z', '20979K', '23493H', '23296Z', '22301J', '22940N', '23309L', '22303W', '22326L', '23376B', '22867O', '23301G', '23122S', '22546L', '22302N', '22556N', '48187N', '23294M', '23505E', '23550P', '22699D', '21181K', '23380Y', '23318Z', '23512S', '23121M', '84970SL', '23526G', '23308G', '23372N', '84692Z', '23534D', '23535V', '22300C', '21068Y', '23167J', '22951B', '84029EX', '21326V', '23298Q', '23504V', '23545U', '21932M', '23328X', '21930O', '23513C', '23360X', '20971S', '82580N', '22457C', '20727V', '22558H', '23154P', '23234A', '51014CF', '22460J', '21986A', '22988D', '22530D', '51014AW', '22992G', '22304I', '22907C', '47566Y', '22970T', '23313G', '22114V', '22551F', '22141S', '22142B', '22144E', '75049LA', '22101I', '23354R', '23297N', '82582N', '82600H', '22352Z', '22469S', '48138T', '22385P', '23345S', '23310X', '22554P', '23287L', '21933N', '22726C', '21669G', '23515Q', '21523L', '84970LF', '21500P', '21499T', '21479J', '23503O', '23078Y', '22697A', '22698C', '21166I', '22727B', '21673M', '21070F', '21066X', '23188L', '22734C', '20978G', '23436I', '85172L', '22739W', '20685H', '22771L', '22772B', '15056ND', '21670S', '23369X', '21811V', '21881M', '84596GP', '21791H', '22943F', '22728B', '21094A', '21882L', '35961N', '21122K', '21136P', '21154F', '21787C', '85106U', '48194E', '22029R', '22077P', '23480U', '22971A', '22945X', '21231K', '22041A', '23439A', '23541C', '21918L', '23247Z', '23165S', '22900U', '22775S', '16235A', '16237N', '23551L', '20676O', '22749K', '23389U', '22621P', '23144I', '22738Y', '85178F', '22338I', '23319Q', '23388F', '35970L', '23497Q', '22725X', '21650J', '21671K', '22998M', '21559P', '22865Y', '23518Z', '21668N', '23583L', '23236J', '22579W', '21818Q', '22094G', '23284M', '22585G', '84836J', '23281Z', '84832I', '22087E', '21509I', '21385E', '21439F', '23529E', '22866X', '23056D', '21495P', '21830E', '21394I', '23241W', '22596T', '23498F', '23390M', '23552T', '22477A', '22898W', '22690X', '22548G', '22478H', '23392B', '23519B', '22663L', '22661W', '23525T', '22597M', '22813K', '23366F', '23355Z', '22812G', '22834J', '22906G', '22798I', '22908G', '37340T', '35953W', '23374A', '23509S', '22535E', '23347G', '22532Z', '22720A', '22553Q', '23473C', '23527Z', '23351C', '22573R', '23516Z', '22613A', '22614B', '22615Z', '23381G', '23445C', '23502Q', '22646J', '23437J', '22711H', '22708V', '22817Z', '22619G', '22736S', '23368D', '22398K', '22915G', '21819N', '23083I', '21403N', '21429E', '21481J', '23055P', '21508L', '21519A', '21592F', '21644N', '21746N', '23230A', '23231J', '22999A', '23237P', '22997O', '23100G', '21872C', '21875C', '22423U', '21879Z', '21880B', '21896V', '84596FA', '22995T', '84596BQ', '84536AK', '21934D', '21935J', '21937S', '21955E', '23211J', '85035CL', '21980L', '20996R', '10133M', '15056BLH', '16011L', '23168M', '16219C', '16259V', '17084RT', '23172Q', '85199SA', '23177K', '20866N', '23182N', '23123F', '20992N', '85150Z', '21292J', '21035O', '21086B', '23119M', '21121C', '23192L', '23193C', '23103F', '23101Y', '21174F', '21210C', '21218O', '85049AF', '21240N', '21287D', '21976M', '23242A', '21981M', '22227K', '23290W', '22112V', '22113T', '79163I', '22128V', '22129R', '79030GK', '22150K', '22154A', '22174M', '22196G', '72741B', '22219N', '23312N', '23289K', '22297H', '48188P', '48185J', '48173CT', '22348L', '22367K', '22924Q', '47503AN', '22923F', '22922K', '22417M', '22418R', '22421F', '22105F', '22131I', '84029GV', '22095Q', '21984W', '21988M', '22027K', '22980U', '22047L', '22967M', '22962X', '22071O', '22082A', '22083G', '22084R', '22090X', '22804V', '22096G', '82482D']"
319077,['84212C']
70929,['22189I']
140058,"['22492E', '84077K', '85099BJ', '22386V', '85099FC', '22197J', '22759Z', '22379G', '84946F', '22610S', '22130P', '22865Y', '22866X', '22693N', '85123AY', '23077P', '71477B', '15036Z', '21181K', '22659F', '23203B', '85099CQ', '22385P', '21928E', '23199M', '20971S', '22633V', '23344R', '48116K', '48111G', '22910D', '23570W', '84978X', '22381J', '22741O', '23510V', '22158K', '22609U', '22411U', '23201S', '22952P', '23571G', '22178V', '21889K', '15034D', '22791E', '22578A', '21931F', '84945I', '23581R', '22423U', '84947R', '23507E', '22086O', '22536B', '20712E', '23202Z', '21500P', '20711L', '23582G', '21830E', '20725N', '22867O', '23209X', '17003M', '23200Y', '62018W', '22959R', '22630B', '22149E', '22418R', '72232C', '71459J', '16156SH', '21790Y', '22629C', '23321O', '21929W', '84879M', '22555O', '23170S', '22692J', '23154P', '21914B', '84755J', '22690X', '20713F', '23307D', '22144E', '23301G', '23551L', '21326V', '21506J', '22710N', '22141S', '21137F', '47566Y', '23508J', '22142B', '22608F', '23245W', '23493H', '23293D', '23300F', '23376B', '21499T', '22993E', '22637S', '23378J', '21704M', '21497K', '23367M', '23365N', '21232B', '22632O', '22646J', '23206T', '20724F', '72741B', '23172Q', '22489J', '22998M', '21877C', '84313CE', '82482D', '22558H', '79321V', '20719E', '22355U', '22577B', '23171H', '21069U', '22909Z', '22383K', '16161PA', '20728Z', '22950F', '21080R', '22551F', '22560W', '22544C']"
40059,['84077K']
59940,"['16216D', '22610S', '23293D', '22608F', '23203B', '21731V', '16045M', '23295P', '21135E', '84879M', '22998M', '22609U', '23297N', '22326L', '20712E', '85212R', '23296Z', '22950F', '23294M', '23345S', '23209X', '20719E', '22630B', '23240L', '23346H', '84755J', '23307D', '16218Y', '22489J', '22910D', '21212D', '21121C', '22578A', '82583N', '23201S', '23121M', '82580N', '20984B', '22959R', '20724F', '23230A', '22386V', '22355U', '23084M', '84422X', '71459J', '22411U', '22551F', '22577B', '16052Q', '22178V', '23205F', '23204B', '21931F', '23202Z', '16161PA', '21929W', '21928E', '23200Y', '22952P', '23199M', '85099BJ', '22243L', '22961C', '21634J', '85204U', '23171H', '21650J', '37370Z', '85099CQ', '21884K', '21881M', '21166I', '85106U', '22467G', '79321V', '22491V', '22554P', '22629C', '84950I', '23245W', '84596GP', '22558H', '84970SL', '20728Z', '23310X', '23236J', '22086O', '82600H', '22161W', '20974J', '22544C', '21326V', '23232F', '22741O']"
159939,"['22303W', '22302N', '21070F', '22301J', '22300C', '21068Y', '22304I', '21066X', '21871Y', '16045M', '84879M', '21497K', '21874B', '23268O', '16156SH', '15034D', '21872C', '22030B', '71459J', '23247Z', '20723U', '23232F', '23204B', '22952P', '84988Y', '21506J', '22710N', '23233W', '84755J', '22578A', '16161UB', '20724F', '20719E', '21746N', '22950F', '84945I', '84950I', '22713C', '21498M', '23326S', '21108Z', '22577B', '21232B', '22910D', '85099BJ', '16008I', '23215I', '21069U', '22909Z', '22992G', '22991T', '20725N', '22086O', '22834J', '22951B', '22741O', '22564D', '22383K', '21928E', '23207R', '22178V', '22356T', '21231K', '22560W', '22355U', '84946F', '20713F', '23378J', '22558H', '22227K', '85123AY', '21500P', '21499T', '23300F', '22493I', '11001M', '22614B', '23206T', '23078Y', '23076Z', '47556BE', '22775S', '72741B', '22772B', '20728Z', '85099CQ', '21936G']"
459936,"['21175V', '20668K', '22197J']"
259938,"['84992D', '21977R', '22489J', '22998M', '23268O', '22546L', '22536B', '22531M', '22540W', '22533C', '22273M', '22544C', '20971S', '22543G', '22710N', '22985B', '22534C', '21975B', '21135E', '84879M', '84929V', '22418R', '22951B', '84991R', '22336O', '22337H', '22335Z', '23275I', '21213V', '23270T', '22417M', '21212D', '72232C', '22158K', '21791H', '23345S', '84755J', '21980L', '22713C', '22030B', '16156SH', '22147L', '22712N', '22601T', '22045U', '22029R', '22629C', '22956D', '22983O', '23346H', '23327C', '21984W', '21497K', '23292K', '23293D', '21731V', '23280V', '21976M', '22111I', '21877C', '21873C', '21544W', '23232F', '23230A', '23205F', '23203B', '23167J', '21166I', '22491V', '21124F', '84836J', '82583N', '22561Z', '20724F', '84508AE', '20972O', '20974J']"
529065,"['21982Y', '22102P', '22103E', '21985C']"
209088,['84077K']
440856,['85099BJ']
18180,['22151L']
337167,"['85152E', '22727B', '22961C', '22457C', '23497Q', '23498F', '23552T']"
237168,['85123AY']
162828,"['22197J', '21977R', '21212D', '85099BJ', '85099FC', '21175V', '22386V', '20713F', '22759Z', '22629C', '84991R', '22630B', '22659F', '22379G', '22865Y', '22985B', '23203B', '84946F', '85099CQ', '21213V', '20724F', '21928E', '21121C', '84879M', '22866X', '71477B', '21787C', '23199M', '22178V', '21980L', '21975B', '22578A', '21929W', '22551F', '84755J', '21135E', '22950F', '22423U', '22961C', '22966E', '21498M', '22355U', '71459J', '22381J', '21181K', '22970T', '21931F', '22385P', '22791E', '21700U', '22411U', '22086O', '22130P', '22633V', '20725N', '23209X', '22910D', '22988D', '84988Y', '84978X', '84945I', '23202Z', '20712E', '23201S', '84947R', '21731V', '22610S', '21790Y']"
262827,['84077K']
427176,"['22727B', '22961C', '22457C', '23497Q', '23498F', '23552T', '85152E', '21977R', '21900A', '21899D', '21902W', '22469S', '22470E', '23177K', '23176Z', '23193C', '15036Z', '21791H', '21733F']"
307197,"['22065D', '23115D', '17003M', '21137F']"
497205,"['84879M', '84347V', '22998M', '22920I', '21915K', '22952P', '22086O', '22910D', '22130P', '22610S', '22950F', '22578A', '15034D', '21790Y', '84988Y', '23077P', '84950I', '21791H', '23203B', '23310X', '84508AE', '23215I', '23293D', '23171H', '22560W', '23297N', '20974J', '22991T', '21731V', '21891R', '84946F', '84978X', '22909Z', '71459J', '23570W', '22609U', '23571G', '22577B', '23230A', '23318Z', '23344R', '23378J', '11001M', '23201S', '21914B', '22996P', '21326V', '22992G', '22959R', '22158K', '22178V', '22741O', '22386V', '22659F', '22493I', '22595D', '23581R', '22561Z', '20668K', '84755J', '21135E']"
302787,['20668K']
402786,"['21135E', '15036Z', '82583N']"
387216,"['22151L', '22030B']"
112779,['84077K']
77229,['22616B']
22770,['21175V']
322767,"['62018W', '22952P', '22950F', '22909Z', '85099BJ', '23203B', '71477B', '22629C', '22411U', '22910D', '23209X', '22630B', '22386V', '22610S', '23199M', '20724F', '21928E', '22578A', '85099CQ']"
367236,['84212C']
132759,['21703M']
332757,"['22616B', '22197J']"
42750,"['21212D', '21175V']"
142749,"['22328M', '21871Y', '22130P', '21069U', '85099BJ', '22355U', '20724F', '22086O', '84978X', '22952P', '23077P', '22386V', '22178V', '22065D', '22578A', '20719E', '22910D', '21877C', '84946F', '23581R', '23570W', '21791H', '23201S', '85099FC', '21977R', '23571G']"
242748,"['85123AY', '16216D', '22610S', '22608F', '16045M', '22609U', '23293D', '23203B', '22065D', '84347V', '23295P', '85212R', '72232C', '22578A', '23297N', '22950F', '23294M', '22910D', '23296Z', '16218Y']"
147258,['22197J']
152739,"['21703M', '22693N']"
252738,"['23510V', '23507E']"
63729,['21829T']
263727,['22595D']
363726,['22151L']
326277,"['20724F', '22355U', '21135E', '20719E', '22492E', '82583N', '23204B', '22951B', '21166I', '22554P', '22178V', '20723U', '23206T', '22356T', '84755J', '22243L', '20725N', '22489J', '20712E', '22998M', '22030B', '21976M', '20728Z', '71459J', '23205F', '21731V', '22384W', '23209X', '21121C', '23121M', '22693N', '22029R', '82600H', '82580N', '22086O', '23076Z', '22491V', '22417M', '21975B', '22383K', '20726C', '22326L', '22908G', '72232C', '79321V', '21918L', '47566Y', '22273M', '22661W', '21124F', '62018W', '21931F', '35961N', '22630B', '23199M', '22189I', '22411U', '22027K', '23310X', '22558H', '85106U', '21080R', '21810L', '22741O', '21498M', '22467G', '22629C', '22382I', '21213V', '20727V', '22418R', '21326V', '21669G', '22804V', '84029EX', '22556N', '23230A', '23281Z', '22557Z', '23294M', '84991R', '21385E', '84692Z', '22956D', '21559P', '22616B', '22714G', '21509I', '23122S', '22147L', '21672A', '23119M', '21620I', '84929V', '22578A', '22560W', '22174M', '84949O', '20971S', '21174F', '21181K', '21232B', '21908X', '22466O', '84970SL', '75049LA', '22662G', '23293D', '22352Z', '22993E', '22551F', '22728B', '84836J', '23200Y', '23543B', '21507E', '23123F', '21915K', '22294U', '21891R', '20718A', '21874B', '22570W', '21668N', '22577B', '84987W', '20676O', '22399O', '85175B', '22114V', '23078Y', '21670S', '23240L', '23309L', '23307D', '21673M', '22111I', '22131I', '22333G', '82484O', '21917S', '23298Q', '20972O', '84978X', '22507V', '22726C', '85099CQ', '84596GP', '16237N', '84997DC', '22712N', '20685H', '21122K', '21238G', '22219N', '22791E', '22771L', '23077P', '22303W', '21481J', '21154F', '23245W', '48187N', '22077P', '21873C', '85150Z', '23290W', '22613A', '16219C', '21929W', '21930O', '21936G', '21169G', '23344R', '21218O', '21212D', '79323BM', '22984H', '22962X', '22331U', '22964E', '21889K', '22149E', '84380W', '22087E', '23297N', '22898W', '84029GV', '22555O', '23295P', '21078I', '84970LF', '21240N', '84945I', '22112V', '21499T', '22631M', '22301J', '22129R', '21485W', '15036Z', '84997CQ', '21479J', '23355Z', '21429E', '22996P', '22663L', '21231K', '22989L', '22090X', '20717I', '21390P', '20750C', '23207R', '22585G', '22075W', '23296Z', '23268O', '79030GK', '22041A', '22960K', '85049AF', '20677D', '21239K', '21916D', '21928E', '16161PA', '15056ND', '23322J', '21988M', '90057R', '21987U', '21394I', '23203B', '23202Z', '22297H', '23144I', '22969Z', '22910D', '84946F', '35970L', '22569R', '21136P', '23083I', '21068Y', '22300C', '22816Q', '22818I', '22302N', '21175V', '22304I', '22988D', '23155O', '21094A', '22792D', '22780U', '22567D', '22128V', '22779J', '23255L', '22028K', '22812G', '22966E', '22460J', '22817Z', '22895J', '22659F', '22419N', '23035A', '22772B', '22729W', '22024W', '22549T', '22579W', '22834J', '22568A', '22699D', '22774I', '22720A', '22188M', '23280V', '23254E', '22413V', '23284M', '23289K', '22961C', '22609U', '22711H', '23168M', '22245R', '23108J', '22899Q', '22035X', '21981M', '22614B', '22704P', '23308G', '22943F', '22666I', '48194E', '20675E', '82482D', '85099BJ', '82494LP', '82578R', '82582N', '21623S', '21242V', '20975Y', '21671K', '84508AE', '20979K', '84596BQ', '20992N', '21165F', '21035O', '48138T', '21785M', '21066X', '84997BG', '21070F', '23531S', '21523L', '21137F', '21934D', '21422L', '21937S', '21495P', '21914B', '21500P', '21508L', '40016U', '21932M', '48173CT', '21430A', '15056BLH', '48188P', '23351C', '22986P', '21704M', '84596FA', '23192L', '21717D', '48185J', '21164D', '23581R', '22814E', '22327P', '22994B', '22999A', '23208E', '22113T', '22505F', '21395V', '22855Q', '51014AW', '21399R', '22963K', '79000Z', '21558V', '22957K', '22955C', '37370Z', '23530G', '82581P', '22439F', '23158A', '51014CF', '23159Q', '22907C', '84375E', '22897R', '22967M', '21244H', '22997O', '16008I', '22637S', '21935J', '23256O', '23321O', '23319Q', '22722E', '16033Z', '23292K', '22553Q', '22706R', '23301G', '20674R', '22071O', '20974J', '22708V', '22668V', '21882L', '20679N', '23445C', '22025A', '22725X', '22645V', '22805C', '84947R', '23231J', '22088I', '23236J', '23238P', '21811V', '20711L', '21818Q', '22610S', '20984B', '22773H', '22652D', '20983Y', '21292J', '22716A', '21313C', '22398K', '22715M', '21156K', '22367K', '51014LS', '16259V', '22621P', '22992G', '15039A', '22329R', '10135P', '10133M', '22608F', '22432D', '22938X', '21243M', '85035CL', '22752G', '21172S', '22766P', '22501Q', '22851J', '20982C', '84536AK', '22508O', '22530D', '22534C', '22545H', '22561Z', '22819Q', '21098K', '22488P', '22893O', '84459AJ', '85049EP', '20969R', '22932Q', '22595D', '22423U', '22435K', '85049GC', '22740K', '22747N', '22464B', '21216B', '21211T', '21210C', '20977U', '22573R', '22815Y', '22644U', '23000P', '22055T', '23583L', '23171H', '22154A', '22156L', '23493H', '22046Q', '22045U', '22175U', '35095BN', '35610AZ', '21644N', '21879Z', '22037V', '23133S', '21880B', '21888F', '21621T', '22139Q', '23190S', '22227K', '21872C', '21819N', '22084R', '22083G', '23263V', '22098N', '22100W', '22110N', '22078R', '23535V', '21868Y', '23506M', '23002D', '23546H', '21714L', '22070Y', '22059M', '21700U', '23125Q', '21878P', '23300F', '21561W', '21933N', '23100G', '35953W', '21955E', '40001M', '40003X', '23082N', '21519A', '23354R', '47503AN', '23334M', '23032G', '47559BK', '21986A', '22328M', '23103F', '23320Z', '21578P', '23377A', '21907O', '37340T', '23306Z', '23399Y', '23114G', '22244X', '23247Z']"
226278,['17003M']
173718,"['16045M', '84347V']"
516285,['22197J']
416286,"['20668K', '21212D']"
113679,['21212D']
66339,"['17003M', '21829T']"
133659,['22616B']
333657,['21977R']
456345,['22595D']
56349,"['22492E', '21175V']"
243648,['22197J']
146358,['23084M']
253638,['84077K']
235368,"['22328M', '20713F', '16156SH', '21977R', '22710N', '22740K', '21497K', '22713C', '22998M', '22985B', '23084M', '23232F', '85099BJ', '22616B', '22659F', '21506J', '21918L', '22988D', '16161UB', '23230A', '21891R', '23203B', '84755J', '85152E', '21980L', '71459J', '22266W', '22727B', '21498M', '23233W', '22086O', '22629C', '22045U', '21135E', '20724F', '23171H', '21984W', '22030B', '22029R', '20725N', '22741O', '22469S', '85099CQ', '22961C', '22178V', '85175B', '22983O', '85099FC', '22355U', '23209X', '22457C', '21499T', '82583N', '22996P', '22970T', '21166I', '48187N', '23310X', '22111I', '21181K', '22699D', '23076Z', '23078Y', '21733F', '23293D', '21787C', '21790Y', '21791H', '23231J', '21873C', '21874B', '21877C', '21500P', '23497Q', '23498F', '23206T', '23202Z', '23199M', '23552T', '23170S', '21915K', '21326V', '21916D', '21928E', '21929W', '21931F', '22910D', '23309L', '79000Z', '22728B', '84508AE', '22386V', '84879M', '84945I', '84946F', '22652D', '22411U', '84978X', '20719E', '20712E', '20685H', '22610S', '20668K', '16219C', '22578A', '22470E', '22560W', '22558H', '15034D', '22348L', '84988Y', '22834J', '22197J', '82580N']"
164628,"['22328M', '84992D', '22629C', '84929V', '21918L', '85099BJ', '20724F', '22630B', '23209X', '22985B', '84077K', '20725N', '22728B', '22294U', '23206T', '22030B', '22659F', '22988D', '23205F', '20712E', '90057R', '23199M', '23507E', '21731V', '21916D', '21980L', '22383K', '22355U', '21984W', '23510V', '22384W', '23204B', '20719E', '85099CQ', '23200Y', '23203B', '21928E', '21929W', '22983O', '22557Z', '22727B', '23207R', '22652D', '21882L', '22544C', '20728Z', '22326L', '21931F', '21390P', '35095BN', '35095AT', '23281Z', '22726C', '21509I', '21080R', '22348L', '22356T', '22411U', '21212D', '23345S', '23201S', '21672A', '21932M', '20723U', '22178V', '22554P', '22725X', '21644N', '20726C', '79190BW', '23240L', '23346H', '21976M', '23309L', '22729W', '22553Q', '22551F', '22131I', '23202Z', '21880B', '21881M', '84970LF', '22244X', '21879Z', '23119M', '22951B', '21933N', '23326S', '40016U', '21121C', '22077P', '22352Z', '23121M', '22908G', '22418R', '22556N', '21623S', '22029R', '21844I', '72351BE', '22940N', '22467G', '22382I', '22966E', '23245W', '22661W', '35610AZ', '22531M', '20711L', '22631M', '22617A', '84596GP', '22699D', '84029EX', '22055T', '21508L', '22546L', '22662G', '22386V', '22740K', '20727V', '35961N', '22417M', '22507V', '23353X', '72351AA', '16237N', '23293D', '84755J', '23328X', '79191CA', '22712N', '22900U', '22698C', '21559P', '22540W', '21218O', '22543G', '22697A', '21877C', '22766P', '22027K', '20718A', '23208E', '85230EY', '22150K', '21673M', '21385E', '20979K', '22489J', '85230GS', '23545U', '22969Z', '23217N', '47566Y', '23234A', '85230AJ', '21982Y', '23275I', '47481G', '21873C', '21124F', '22804V', '23287L', '22993E', '20974J', '23216U', '22296X', '22730Z', '22741O', '21498M', '79321V', '22049I', '21787C', '79160T', '22533C', '23193C', '22984H', '22800V', '22292I', '20972O', '22956D', '85180BR', '23360X', '23170S', '21394I', '23177K', '84406BH', '21507E', '71459J', '79164C', '21936G', '90210CN', '23123F', '23155O', '23289K', '23292K', '22834J', '23294M', '22738Y', '21967J', '23295P', '84947R', '21232B', '23550P', '21122K', '21167A', '21398J', '84997DC', '21094A', '22399O', '21403N', '22970T', '23344R', '23144I', '21930O', '22539E', '23280V', '85204U', '20985D', '21914B', '21240N', '23290W', '22898W', '20975Y', '22909Z', '21917S', '22959R', '23356F', '84692Z', '23506M', '23122S', '23327C', '23159Q', '22663L', '85099FC', '23298Q', '22739W', '84459AJ', '47471B', '20619I', '22992G', '23189A', '22971A', '23308G', '21292J', '21314Q', '22967M', '22964E', '23297N', '23389U', '22460J', '21156K', '23372N', '22423U', '23340L', '23355Z', '84792X', '22041A', '22505F', '22394F', '22112V', '22301J', '22025A', '23165S', '22957K', '84819I', '21239K', '23241W', '22173N', '21035O', '23512S', '23536M', '15056BLH', '23534D', '22585G', '22385P', '22714G', '22536B', '22303W', '22772B', '22736S', '21320U', '82484O', '20676O', '23513C', '85014BD', '23256O', '21068Y', '22335Z', '23307D', '37342P', '23312N', '20750C', '20801C', '22419N', '23291F', '22147L', '21818Q', '21670S', '15056ND', '22128V', '85035CL', '23225T', '17021U', '22716A', '21700U', '21519A', '21238G', '84949O', '21561W', '22189I', '47559BK', '22963K', '20984B', '22907C', '22904F', '62018W', '21531U', '21481J', '22989L', '21429E', '23515Q', '22302N', '22266W', '23078Y', '20973S', '22102P', '16014F', '21242V', '22792D', '22196G', '23086Z', '22078R', '22835R', '23244J', '22480D', '20978G', '85035BB', '22899Q', '21108Z', '22896Q', '21070F', '22305S', '22304I', '22805C', '22491V', '22300C', '22722E', '84050K', '37482PR', '48184N', '23314P', '21669G', '35970L', '21785M', '23526G', '22075W', '23445C', '23436I', '23371H', '21989J', '23347G', '22028K', '22619G', '84596BQ', '22734C', '23502Q', '22337H', '22997O', '22816Q', '22558H', '22668V', '21499T', '47503AN', '22103E', '17084NU', '22735X', '22817Z', '51014CF', '23173W', '85078B', '22114V', '21399R', '85123AY', '22534C', '20675E', '20677D', '47469B', '22149E', '22148Z', '23535V', '21386X', '23388F', '22360Q', '22922K', '22084R', '22924Q', '22429T', '22087E', '84970SL', '22593E', '21671K', '23237P', '23210F', '23390M', '84380W', '21086B', '22773H', '21210C', '23480U', '22628U', '20717I', '21154F', '22771L', '23370K', '22482I', '22437B', '21770E', '23076Z', '22470E', '20866N', '22812G', '22746G', '22331U', '21395V', '22245R', '21845L', '21231K', '21915K', '21527P', '22569R', '22573R', '22594A', '21544W', '22601T', '22567D', '85194LL', '22688D', '22895J', '15034D', '23518Z', '21703M', '79163I', '23296Z', '22931M', '79030GK', '22932Q', '21066X', '23267Y', '22435K', '21289T', '21078I', '23392B', '21558V', '23508J', '84858CD', '84029GV', '22994B', '22892Z', '22818I', '23271N', '22333G', '21058L', '23519B', '22935S', '22774I', '22483A', '21175V', '23253H', '22645V', '23148U', '22138G', '17096D', '84614AP', '84519BE', '22537N', '22646J', '22037V', '22651T', '23194R', '37340T', '22095Q', '85038L', '22732E', '22024W', '23100G', '23242A', '23057O', '22464B', '22207L', '23068E', '22621P', '22618S', '22082A', '23083I', '21245S', '22747N', '22603Q', '22363N', '22915G', '22570W', '22572W', '22923F', '21878P', '10135P', '22906G', '85178F', '21535E', '21733F', '22755K', '22471P', '23273Z', '21829T', '23547Y', '22811M', '22933B', '22819Q', '16008I', '22530D', '21717D', '22439F', '23516Z', '35923D', '21244H', '23509S', '21249J', '21243M', '22934E', '23055P', '21209Y', '22974E', '21155Z', '23125Q', '22336O', '21934D', '22227K', '84596FA', '23212C', '23190S', '22329R', '22999A', '23255L', '22327P', '21401E', '82482D', '23211J', '22198K', '20996R', '21500P', '22080D', '22195J', '21479J', '22946R', '22962X', '22948C', '51014LS', '23351C', '23263V', '22161W', '82494LP', '22968N', '21668N', '18007N', '22701T', '23109C', '22704P', '21389M', '22156L', '23158A', '21716W', '23145J', '22720A', '85049GC', '20679N', '22687S', '23174D', '22670P', '22686P', '21197E', '23238P', '10133M', '22614B', '23227V', '22066A', '22086O', '84313BG', '22088I', '21208V', '21636X', '84536AK', '22568A', '21622J', '16011L', '22101I', '46000SJ', '23191Z', '22362K', '22676W', '85199LV', '85194SR', '22046Q', '16015Z', '22545H', '23108J', '85049EP', '22454H', '21822Q', '84997CQ', '22427Q', '21874B', '22854V', '22855Q', '22980U', '84988Y', '84976S', '21088J', '22972W', '21439F', '23004D', '22807L', '23583L', '47599AI', '21872C', '21788U', '22163L', '21592F', '22361C', '22174M', '22943F', '22023M', '22389X', '22197J', '21947L', '23082N', '23003E', '21578P', '22365S', '22416F', '22089I', '21935J', '21773E', '22571W', '22051L', '21452L', '22366J', '21034O', '22338I', '21903Y', '22083G', '22059M', '20982C', '20956X', '22319Q', '21937S', '16012X', '22502M', '21754X', '22151L', '22026G', '21986A', '22208X', '20751D', '22139Q', '22230W', '21715T', '21714L', '22079R', '22297H', '22137T', '22434S', '22035X', '21981M', '22110N', '21169G', '21819N', '22105F', '16216D', '21974Q', '21755A', '22050N', '20981E', '10125J', '22731C', '22685W', '22754C', '22990X', '47599BN', '23000P', '23377A', '22748P', '72349BT', '22737B', '23322J', '77101AT', '23014Q', '82578R', '22718P', '23286O', '22715M', '23282K', '22694S', '22757D', '22775S', '22977K', '22936A', '23546H', '22847W', '23500J', '23499W', '35004CN', '22897R', '22840S', '22796M', '22975L', '23469Z', '22789R', '37446S', '22955C', '22780U', '47480X', '22779J', '23236J', '22851J', '23226J', '84836J', '23101Y', '23161A', '85017BQ', '22677N', '22654J', '22653U', '23221X', '84880V', '22644U', '84828A', '22625P', '23220L', '84800LZ', '85106U']"
525375,['85175B']
304587,['22151L']
485415,['85123AY']
285417,"['17003M', '84077K']"
325467,"['84077K', '21829T']"
425466,['23084M']
335457,"['21967J', '16156SH', '22710N', '21497K', '22713C', '23232F', '21985C', '16161UB', '21506J', '21982Y', '23233W', '22616B', '85175B', '22045U', '84879M', '22920I', '21498M', '22197J', '22029R', '22985B', '22189I', '22030B', '16161PA', '22834J', '23230A', '16045M', '22998M', '21495P', '21977R', '22659F', '22900U', '21499T', '71459J', '21891R', '23157X', '21181K', '21500P', '23167J', '23203B', '72741B', '22560W', '22966E', '23113X', '84950I', '22741O', '21980L', '22983O', '75049LA', '22704P', '22970T', '84755J', '20972O', '21984W', '22991T', '84380W', '22986P', '22561Z', '22988D', '22609U', '21621T', '23300F', '23215I', '21212D', '23117T', '84945I', '37327B', '23307D', '21121C', '21166I', '22348L', '22969Z', '22585G', '82583N', '22856A', '82581P', '85150Z', '22243L', '23270T', '23231J', '84946F', '22992G', '16169EL', '21981M', '22047L', '23308G', '23522N', '23309L', '23528O', '23310X', '82484O', '22902M', '21213V', '22952P', '40016U', '21094A', '21830E', '21983K', '82600H', '21313C', '22791E', '22417M', '22610S', '22652D', '20974J', '22065D', '22343N', '22345K', '21791H', '21669G', '17084RT', '18007N', '22558H', '22564D', '21749U', '22144E', '21641J', '22339G', '22996P', '21326V', '22623L', '21844I', '22539E', '21202D', '22346F', '21206X', '21620I', '22103E', '16237N', '22493I', '22491V', '22191G', '23236J', '85152E', '23293D', '22273M', '22418R', '22344M', '84991R', '22338I', '21892U', '22750S', '71477B', '22951B', '79321V', '20893F', '21916D', '21877C', '21098K', '84947R', '22711H', '21871Y', '22101I', '20984B', '22766P', '23284M', '22915G', '22507V', '22188M', '21314Q', '22907C', '22046Q', '22489J', '22775S', '23381G', '21531U', '22469S', '21928E', '21975B', '23380Y', '21930O', '23294M', '22530D', '22037V', '22419N', '22749K', '23431D', '22382I', '22360Q', '22027K', '22333G', '23297N', '22102P', '23202Z', '21876I', '21873C', '22971A', '22597M', '22579W', '22577B', '22993E', '22994B', '22096G', '22083G', '22147L', '21790Y', '23076Z', '23078Y', '22815Y', '21746N', '22534C', '21743P', '22570W', '23103F', '23115D', '22077P', '21704M', '21889K', '22555O', '21670S', '22545H', '22706R', '21650J', '22708V', '23172Q', '23086Z', '22662G', '82552M', '23510V', '84997DC', '84997CQ', '23535V', '21124F', '85111R', '37370Z', '21210C', '85049AF', '84970SL', '85116X', '84997BG', '48187N', '84508AE', '84375E', '20713F', '84077K', '21238G', '21232B', '85123AY', '23526G', '48116K', '16235A', '85099CQ', '82580N', '23507E', '20728Z', '21086B', '23543B', '20685H', '21174F', '21242V', '21175V', '23529E', '72351AA', '84692Z', '20829J']"
233568,['23084M']
366426,['22328M']
276417,['23084M']
196398,['21829T']
406386,['21829T']
183618,"['84879M', '21829T']"
322677,['17084RT']
97299,['23843K']
491805,['23084M']
8190,['21175V']
438156,['85123AY']
151848,['84568Z']
248148,['85123AY']
441855,[]
258138,['22197J']
520875,['22197J']
339957,['20668K']
538065,"['48187N', '20685H', '48185J', '48194E', '16219C', '48188P', '47556BE', '48173CT', '22690X', '48138T', '48116K', '21955E', '47566BG', '21523L', '72802CE', '23284M', '23077P', '71477B', '15034D', '82583N', '21181K', '85185BY']"
261927,['22693N']
361926,"['22492E', '21829T']"
528075,"['85123AY', '22470E', '22469S', '21733F', '21175V']"
428076,"['47566BG', '20713F', '85123AY']"
128079,"['22693N', '20668K']"
28080,"['22355U', '20724F', '22178V', '79323BM', '22065D', '20668K']"
71919,['21915K']
371916,['22693N']
308097,"['15036Z', '22197J']"
108099,"['20724F', '22189I']"
91899,['22610S']
291897,['21108Z']
398106,"['22197J', '85099BJ', '21175V', '85099FC']"
1890,"['20668K', '17003M']"
301887,"['16045M', '17096D']"
401886,"['85099BJ', '85099FC', '84879M', '22386V', '22759Z', '22616B', '20713F', '22379G']"
188118,['85123AY']
468135,[]
368136,['84212C']
331857,"['22693N', '21135E', '82583N', '22273M', '22469S', '21166I', '22470E', '21733F', '22147L', '23167J', '20971S', '82580N', '22998M', '82600H', '23230A', '21181K', '48187N', '85106U', '22491V', '22570W', '20685H', '16219C', '22149E', '71459J', '84991R', '22189I', '21174F', '22489J', '23543B', '22969Z', '84755J', '84836J', '48194E', '48188P', '22174M', '79321V', '21908X', '21916D', '22029R', '15036Z', '22569R', '22413V', '48173CT', '22417M', '22188M', '48116K', '22964E', '22963K', '22951B', '22741O', '22690X', '22651T', '22631M', '22613A', '21976M', '22382I', '22568A', '23531S', '23231J', '23284M', '22554P', '48138T', '22384W', '21918L', '48185J', '21523L', '85152E', '85150Z', '85049AF', '20712E', '84988Y', '20719E', '20726C', '20973S', '21086B', '21169G', '84212C', '82484O', '84380W', '22966E', '62018W', '21668N', '21673M']"
431856,['22740K']
458145,['23343M']
141849,['22151L']
241848,"['85099BJ', '85099FC', '22386V', '22759Z', '22379G']"
441846,['22151L']
48159,['85099BJ']
351837,['85099BJ']
451836,"['22985B', '22710N', '21497K', '22713C', '22030B', '16156SH']"
272817,['15036Z']
197208,['21212D']
357246,['21108Z']
276327,"['21874B', '21873C', '21703M', '22111I', '22273M', '47566BG', '40016U', '21891R', '84879M', '22637S', '22508O', '22507V', '22086O', '22610S', '21876I', '20668K', '21915K', '20971S', '17003M', '22386V', '22492E', '22910D', '23203B', '22950F', '22578A', '85099BJ', '21485W', '71459J', '22998M', '22766P', '22741O', '21889K', '22147L', '84755J', '21790Y', '23293D', '85099FC', '21135E', '22609U', '21731V', '22501Q', '22659F', '22149E', '84946F', '23108J', '21791H', '23077P']"
33660,"['84879M', '21108Z']"
325377,['22616B']
515385,"['85123AY', '22065D']"
415386,['84077K']
115389,"['20724F', '22355U', '21918L', '21620I', '20719E', '21731V', '22030B', '22178V', '20725N', '22629C', '23204B', '23206T', '23209X', '20723U', '20728Z', '23205F', '22356T', '20712E', '85099BJ', '23121M', '22243L', '22189I', '22029R', '21976M', '22951B', '22659F', '21916D', '21787C', '22554P', '22383K', '22326L', '21121C', '23203B', '23199M', '84929V', '23309L', '21080R', '23310X', '22086O', '47566Y', '84997CQ', '22741O', '22294U', '23240L', '71459J', '84997DC', '20726C', '22728B', '22384W', '35961N', '22417M', '22710N', '22661W', '16156SH', '22556N', '22630B', '22740K', '22988D', '21982Y', '22985B', '23167J', '21497K', '21498M', '23119M', '23293D', '23294M', '22908G', '84755J', '21124F', '21931F']"
15390,"['22740K', '22693N', '22266W', '22197J', '84879M', '22595D', '85078B', '84988Y', '23203B', '22578A', '21108Z', '23167J', '21731V', '85204U', '20724F', '71459J', '22355U', '35923D', '22161W', '84992D', '20719E', '85123AY', '22910D', '23209X', '23005J', '22950F', '47566BG', '84755J', '21137F', '22178V', '20725N', '22086O', '21790Y', '21326V', '20974J', '23210F', '23212C', '23310X', '20723U', '22577B', '84978X', '21620I', '16045M', '47566Y', '20726C', '20728Z', '23115D', '22992G', '22267I', '23263V', '22287S', '79321V', '22303W', '75049LA', '22952P', '22268P', '22302N', '22301J', '22286L', '23078Y', '23205F', '84950I', '23193C', '16219C', '23206T', '23204B', '22411U', '22560W', '22384W', '22558H', '22383K', '85099BJ', '23202Z', '23201S', '85099CQ', '23298Q', '23207R', '23177K', '21498M', '20712E', '22630B', '22662G', '22661W', '23268O', '21497K', '22909Z', '23245W', '22951B', '23208E', '21232B', '22030B', '23241W', '23225T', '22959R', '21791H', '23215I', '21439F', '22991T', '23084M', '23353X', '23366F', '21914B', '21928E', '21845L', '21929W', '21931F', '23326S', '22993E', '23199M', '23318Z', '23077P', '23076Z', '21976M', '23344R', '21980L', '23170S', '22771L', '22294U', '84929V', '22610S', '22304I', '22417M', '16237N', '22300C', '22382I', '20727V', '22269G', '21066X', '21068Y', '21070F', '21080R', '22741O', '84970SL', '84945I', '22440M', '84692Z', '22493I', '85194SR', '11001M', '22174M', '22356T', '22699D', '84347V', '22629C']"
385416,"['22616B', '15036Z', '22197J', '21135E', '85123AY', '21915K', '82583N', '21985C', '84755J', '21982Y', '21977R', '16156SH', '84992D', '22489J', '71459J', '22544C', '82580N', '82600H', '23232F', '23230A', '21497K', '21891R', '21166I', '84988Y', '21703M', '22536B', '22086O', '22546L', '22189I', '22355U', '22998M', '85106U', '22045U', '21498M', '22539E', '22533C', '22555O', '23510V', '23507E', '22470E', '22469S', '21733F', '21731V', '21790Y', '22356T', '21871Y', '23206T', '22710N', '22178V', '22951B', '23076Z', '23203B', '84836J', '16045M', '20724F', '22491V', '22384W', '21931F', '22383K', '20727V', '40016U', '21506J', '22578A', '22577B', '21975B', '16161UB', '84978X', '84991R', '22467G', '22386V', '22027K', '21810L', '21673M', '23543B', '85099FC', '23202Z', '22326L', '23204B', '22411U', '23209X', '23233W', '20712E', '21326V', '22418R', '22417M', '84945I', '47566Y', '21669G', '75049LA', '20725N', '22713C', '23346H', '22531M', '22993E', '23307D', '22741O', '22969Z', '22910D', '23344R', '22563R', '22534C', '21069U', '23293D', '20719E', '85099BJ', '15034D', '22029R', '21672A', '85099CQ', '23298Q']"
345456,['21108Z']
415476,['22618S']
354546,"['22197J', '22693N']"
54549,['85123AY']
145449,['22610S']
245448,['22197J']
445446,['84347V']
444555,['84879M']
344556,"['21731V', '22961C', '22952P']"
44559,['23084M']
333567,"['20713F', '21212D', '21977R']"
146349,"['85099BJ', '85099FC', '22386V', '22492E', '72232C', '22759Z', '22379G', '22610S', '22865Y', '84946F', '22866X', '16216D', '22608F', '22381J', '21212D', '22609U', '22633V', '21181K', '48111G', '71477B', '22385P', '22555O', '22659F', '84947R', '21422L', '85099CQ', '23199M', '84879M', '48116K', '22423U', '21928E', '22149E', '22791E', '85212R', '22178V', '84945I', '21931F', '84991R', '22411U', '22692J', '23293D', '22741O', '23203B', '20712E', '21830E', '22952P', '21877C', '22102P', '21121C', '21929W', '21213V', '23171H', '23201S', '22551F', '20984B', '22127Y', '20711L', '20961S', '22637S', '16045M', '22632O', '23344R', '16218Y', '23170S', '22142B', '20963G', '22998M', '16161PA', '22961C', '84422X', '22111I', '21069U', '23295P', '21380E', '22103E', '23200Y', '84313CE', '22489J', '23172Q', '22418R', '84997BG', '70006O', '23231J', '22630B', '22086O', '21500P', '15039A', '84997CQ', '84997AH', '23245W', '22130P', '22367K', '22355U', '22959R', '79321V', '47566BG', '23077P', '85204U', '23202Z', '23297N', '22950F', '16156SH', '23307D', '21884K', '22141S', '21975B', '15036Z', '22326L', '21634J', '22065D', '21394I', '82482D', '21873C', '79000Z', '22714G', '75178B', '16052Q', '21156K', '22910D', '47566Y', '21889K', '22690X', '47503AN', '21086B', '84077K', '22161W', '22560W', '22558H', '20713F', '23113X', '21428B', '23268O', '23296Z', '20728Z', '21981M', '22712N', '22467G', '23378J', '22704P', '22646J', '22338I', '21065W', '22578A', '21930O', '22629C', '23240L', '84978X', '85213R', '47591DY', '22507V', '23134S', '22508O', '21650J', '23236J', '21094A', '22545H', '22867O', '21499T', '23581R', '22150K', '22043M', '22144E', '23551L', '22047L', '23306Z', '21395V', '22158K', '20992N', '82580N', '22101I', '16169EL', '23209X', '23103F', '23582G', '23154P', '21881M', '22242L', '22029R', '22094G', '22243L', '23546H', '22691G', '22417M', '21174F', '21917S', '22716A', '22091C', '22048X', '21287D', '22909Z', '23206T', '23122S', '23431D', '21914B', '22529Y', '85106U', '62018W', '23294M', '23301G', '20975Y', '23135J', '22984H', '22245R', '22556N', '23270T', '21485W', '20727V', '84755J', '23182N', '20719E', '22383K', '21507E', '47574AJ', '22534C', '21509I', '23187K', '22986P', '23434Y', '23436I', '21878P', '23076Z', '22835R', '23204B', '23439A', '23353X', '22028K', '23493H', '23144I', '22817Z', '22938X', '21232B', '21231K', '22993E', '21636X', '23175H', '23108J', '21326V', '21874B', '21770E', '23318Z', '23078Y', '23321O', '23100G', '23101Y', '21811V', '21976M', '23174D', '23346H', '21876I', '21294T', '23313G', '21635Q', '22945X', '23310X', '21559P', '22147L', '22105F', '22543G', '21136P', '22090X', '22597M', '22139Q', '22697A', '37370Z', '22092C', '22093F', '22138G', '20724F', '22095Q', '22616B', '75049LA', '22460J', '72741B', '22187R', '22112V', '47504HB', '71459J', '22663L', '84997DC', '22501Q', '21080R', '22181S', '85039BH', '85039CH', '21201F', '84380W', '84536BE', '84596GP', '10135P', '22554P', '84598D', '23545U', '22254T', '22154A', '23550P', '22705I', '22153K', '22531M', '22244X', '23571G', '85131AI', '22766P', '22579W', '21172S', '84692Z', '16169KC', '22577B', '84375E', '16259V']"
356337,['23167J']
397296,['84077K']
407286,"['84077K', '21829T']"
182718,['84077K']
117279,['21108Z']
372726,['22197J']
521775,['62018W']
459135,['22693N']
259137,['84347V']
59139,['21829T']
457335,"['85099BJ', '85099FC']"
536355,['20668K']
86409,"['21829T', '22616B', '22693N']"
313587,['22197J']
476415,"['15036Z', '21175V', '84992D']"
76419,"['85123AY', '40016U', '21212D']"
23580,['22492E']
66429,['22197J']
456435,['40016U']
146448,['15036Z']
153549,"['22952P', '22909Z', '23378J', '22950F', '22151L', '22130P', '23340L', '84992D', '23380Y', '22615Z', '21981M', '22096G', '23381G', '22910D', '20971S', '22969Z', '22094G', '22086O', '23077P', '23571G', '23570W', '21975B', '21984W', '22158K', '21914B', '22541B', '22540W', '22273M', '22578A', '21790Y', '23376B', '23344R', '84978X', '22045U', '22783G', '23581R', '22666I', '84946F', '23321O', '85123AY', '22749K', '22993E', '22610S', '22386V', '21985C', '22539E', '84988Y', '23268O', '23366F', '23365N', '21982Y', '21591D', '22750S', '23201S', '17021U', '23367M', '21213V', '21086B', '23582G', '23270T', '22715M', '21889K', '22577B', '23157X', '23504V', '20668K', '22961C', '22469S', '23230A', '22741O', '20973S', '22620B', '22867O', '23318Z', '22024W', '82582N', '21791H', '23508J', '23154P', '21218O', '23503O', '22027K', '22028K', '84991R', '21915K', '22865Y', '22631M', '22271R', '23166P', '22617A', '21243M', '23493H', '21080R', '22178V', '22556N', '23300F', '22046Q', '23203B', '22980U', '22555O', '22708V', '22945X', '23310X', '22960K', '21326V', '23301G', '23307D', '23192L', '22609U', '23439A', '22616B', '23297N', '23309L', '23188L', '21733F', '23186V', '22714G', '22619G', '22667K', '23313G', '21916D', '84378P', '22083G', '22470E', '22035X', '22866X', '22959R', '20914Q', '22751U', '20677D', '22991T', '71459J', '22992G', '22771L', '21977R', '22561Z', '21181K', '22084R', '23551L', '85204U', '22141S', '22355U', '23144I', '84763F', '85172L']"
353547,['22492E']
505485,"['21175V', '16156SH', '22710N', '21497K', '22713C', '23232F', '23084M', '23005J', '16161UB', '21506J', '23233W', '22189I', '21135E', '22985B', '71459J', '84755J', '21498M', '22030B', '82583N', '23230A', '22045U', '22086O', '21980L', '22659F', '22029R', '21166I', '21984W', '22983O', '22988D', '22834J', '21326V', '22741O', '23203B', '21891R', '82580N', '22740K', '20725N', '84946F', '85099BJ', '20724F']"
104589,"['22197J', '23084M', '21915K']"
345357,"['21212D', '21977R']"
445356,"['22469S', '22470E', '21733F', '85123AY']"
444645,"['85099BJ', '85099FC', '22386V', '22759Z', '17096D', '22379G', '85175B', '84946F', '22865Y', '22866X', '22178V', '21787C', '22659F', '22469S', '22633V', '22381J', '22130P', '21212D', '23199M', '21135E']"
355347,"['21985C', '21982Y', '21135E', '82583N', '48187N', '21166I', '16219C', '22595D', '20685H', '21621T', '48194E', '82580N', '22189I', '48188P', '84755J', '48173CT', '21977R', '82600H', '22856A', '48185J', '22690X', '48138T', '21326V', '22413V', '21523L', '85106U', '22343N', '22578A', '21955E', '23543B', '48116K', '21181K', '22585G', '71459J', '22344M', '22345K', '22346F', '21908X', '22489J', '82484O', '23530G', '21983K', '21206X', '23077P', '72802CE', '23531S', '21174F', '21202D', '23230A', '23284M', '71477B', '22998M', '22560W', '22666I', '85099CQ', '22577B', '22491V', '22273M', '22188M', '22151L', '84836J', '84997BG', '22910D', '22950F', '22961C']"
463725,"['22920I', '84879M', '23293D', '23297N', '22610S', '48187N', '23203B', '48194E', '16219C', '48188P', '23295P', '21977R', '22609U', '20685H', '48185J', '23167J']"
53739,['21098K']
443745,[]
343746,['20668K']
243747,['16156SH']
143748,['22693N']
456246,['84879M']
532755,['85123AY']
312777,"['23077P', '22130P']"
202788,['23084M']
397206,"['21069U', '21871Y', '85099BJ', '84879M', '18007N', '85099FC', '21877C', '22386V']"
482805,['22616B']
117189,['85123AY']
317187,['15036Z']
472815,['79323BM']
531855,['22189I']
491895,['84212C']
81909,['85123AY']
18090,"['22985B', '85123AY', '22629C', '22273M', '21984W', '21980L', '21977R']"
238068,['21703M']
51939,['23343M']
148059,['22616B']
441945,['85123AY']
58050,['84879M']
258048,['85175B']
358047,['84988Y']
458046,"['16008I', '22469S', '22470E', '22350T', '22702X', '21733F', '22349R', '85099BJ', '85099FC', '22386V', '22700C', '22759Z', '22379G', '23167J', '22866X', '23231J', '20973S', '22651T', '22865Y', '22178V', '23230A', '21086B', '22963K', '21181K', '22381J', '22969Z', '22632O', '22385P', '84946F']"
140859,['22616B']
362736,"['85123AY', '22469S', '84992D', '22470E', '22693N', '21915K', '21733F', '22151L', '22952P', '84879M', '22950F', '22909Z', '21175V', '21212D', '21731V', '22629C', '22086O', '85099BJ', '20973S', '21891R', '23343M', '23230A', '72232C', '22969Z', '22910D', '84988Y', '22630B', '23167J', '23209X', '23177K', '23340L', '21918L', '23113X', '23231J', '84991R', '23207R', '22382I', '23203B', '23193C', '22178V', '22991T', '22992G', '22578A', '23378J', '21108Z', '21213V', '21791H', '22386V', '21929W', '21086B', '85099CQ', '22959R', '20974J', '22631M', '21975B', '20726C', '22963K', '22651T', '23326S', '22659F', '22326L', '22029R', '23176Z', '21210C', '22940N', '23170S', '23171H', '21914B', '23353X', '21181K', '23201S', '23077P', '21790Y', '21916D', '23310X', '20712E', '22610S', '22492E', '20724F', '22556N', '23309L', '22096G', '23234A', '23175H', '71459J', '20719E', '22130P', '22577B', '23194R', '23199M', '79000Z', '20725N', '23202Z', '21137F', '22417M', '22355U', '47566Y', '23380Y', '22560W', '23381G', '23166P', '21899D', '23436I', '21900A', '23550P', '22993E', '21984W', '21981M', '23078Y', '21931F', '21928E', '22741O', '21098K', '22662G', '22652D', '84950I', '23328X', '84946F', '22619G', '23345S', '84978X', '23208E', '22697A', '22615Z', '84945I', '22613A', '21232B', '22557Z', '22302N', '84970SL', '22558H', '23293D', '22980U', '22666I', '23157X', '23240L', '21498M', '22551F', '22303W', '23581R', '22960K', '21500P', '82582N', '23571G', '22466O', '23298Q', '20979K', '21422L', '23084M', '15034D', '22493I', '23076Z', '21390P', '22653U', '23570W', '84755J', '21439F', '22998M', '23545U', '21902W', '21326V', '23300F', '23301G', '23206T', '22945X', '22561Z', '22174M', '22865Y', '84375E', '22617A', '22383K', '22699D', '22616B', '20723U', '22294U', '23344R', '23318Z', '23346H', '20727V', '22772B', '22771L', '79323BM', '22759Z', '22609U', '22738Y', '20914Q', '22384W', '21080R', '20668K', '22564D', '23215I', '22077P', '23245W', '22620B', '23174D', '22411U', '22094G']"
382716,"['21829T', '23084M', '22616B', '22197J']"
316377,"['22189I', '21213V', '22386V', '22952P', '85099BJ', '84991R', '22355U', '21975B', '22610S', '84946F', '22578A', '21977R', '20719E', '20724F', '22086O', '72232C', '85099FC', '23203B', '22950F', '22910D', '22178V', '22130P', '71459J', '84755J', '20971S', '22379G', '21703M', '21181K', '22741O', '84945I', '21212D', '22577B', '23077P', '84978X', '22151L', '21790Y', '71477B', '23310X', '23378J', '85123AY', '22909Z', '20725N', '22961C', '20723U', '21498M', '22865Y', '22609U', '23202Z', '21137F', '22411U', '20728Z', '23206T', '82484O', '23204B', '23117T', '85099CQ', '47566Y', '23199M', '21497K', '22866X', '22993E', '23344R', '22356T', '23209X', '20712E', '20668K', '23293D', '21326V', '22759Z', '21931F', '84992D', '23571G', '23297N', '23205F', '23321O', '23201S', '21080R', '23343M', '22383K', '22384W', '22385P', '23376B', '23318Z', '23581R', '22149E', '21499T', '23296Z', '23295P', '22197J', '23294M', '23300F', '23301G', '21500P', '21232B', '23307D', '23309L', '23268O', '22666I', '21623S', '21166I', '23245W', '22158K', '23570W', '22659F', '23582G', '23232F', '23230A', '23270T', '21731V', '84879M', '23170S', '22558H', '23121M', '22998M', '21889K', '16156SH', '22418R', '22959R', '16045M', '21929W', '22554P', '20727V', '22560W', '22417M', '22951B', '21928E', '22867O', '15034D', '79321V', '20726C', '22077P', '21914B', '23078Y', '22791E', '22489J', '84970SL', '84692Z', '22423U', '23076Z']"
133569,"['23115D', '21137F']"
56439,['17003M']
446445,"['16156SH', '22470E', '21733F', '22710N', '22469S']"
246447,"['85099BJ', '84212C', '21985C', '21982Y', '85099FC', '22386V']"
455535,['21135E']
355536,"['85099BJ', '21967J', '85099FC', '22386V', '21982Y', '21985C', '22759Z', '23005J', '84992D', '22693N', '22379G', '21787C', '21977R', '22659F', '22629C', '22865Y', '22866X', '85099CQ', '23199M', '21212D', '22985B', '22998M', '22030B', '20724F', '84946F', '22151L', '22149E', '22273M', '22178V', '21181K', '84947R', '84879M', '22381J', '21918L', '23171H', '22633V', '20712E', '84929V', '21928E', '20725N', '23209X', '15034D', '21980L', '23170S', '22555O', '22385P', '22630B', '21931F', '22423U', '22791E', '22728B', '21984W', '22632O', '22383K', '22147L', '23206T', '84945I', '22384W', '84991R', '22595D', '21929W', '84755J', '22741O', '23157X', '21213V', '21621T', '22294U', '22983O', '22966E', '22411U', '21790Y', '22988D', '22382I', '22652D', '40016U', '23200Y', '23205F', '22029R', '22417M', '20728Z', '20711L', '22856A', '84997BG', '22710N', '23204B', '22585G', '22348L', '48111G', '20719E', '20723U', '21166I', '21080R', '16156SH', '71459J', '84380W', '90057R', '21499T', '22740K', '22900U', '21877C', '23245W', '23201S', '21121C', '21094A', '21497K', '22646J', '22970T', '21509I', '23202Z', '23203B', '22834J', '23507E', '21156K', '21916D', '23232F', '22713C', '21498M', '22714G', '22726C', '23144I', '21206X', '21500P', '22699D', '23175H', '16008I', '20963G', '20961S', '21981M', '22570W', '16161PA', '22343N', '71477B', '23174D', '22491V', '22560W', '22558H', '22557Z', '82482D', '22086O', '22554P', '22345K', '20727V', '79321V', '47591DY', '84997CQ', '47566Y', '22346F', '21975B', '22344M', '21976M', '84988Y', '21704M', '21380E', '22142B', '22553Q', '21506J', '22993E', '18007N', '21232B', '21672A', '23230A', '22355U', '21558V', '23298Q', '22969Z', '22952P', '22144E', '22556N', '23233W', '22692J', '22698C', '22704P', '75049LA', '21983K', '21428B', '21891R', '20972O', '21930O', '22727B', '22174M', '22150K', '22661W', '23172Q', '21202D', '72741B', '22610S', '47566BG', '22131I', '23078Y', '21559P', '23173W', '22087E', '23119M', '23167J', '23122S', '22112V', '22338I', '22326L', '22103E', '21507E', '22243L', '22303W', '22301J', '22077P', '22084R', '22266W', '23121M', '21936G', '22352Z', '22771L', '21932M', '22609U', '22662G', '22597M', '22663L', '22579W', '22697A', '21917S', '22569R', '22568A', '22725X', '22729W', '21882L', '21880B', '22800V', '22984H', '22804V', '21844I', '21830E', '22551F', '22530D', '22467G', '22418R', '22045U', '22908G', '21770E', '22047L', '22367K', '22971A', '21670S', '22435K', '22996P', '21086B', '23231J', '72351BE', '20726C', '82580N', '84029EX', '21174F', '84508AE', '84596BQ', '21314Q', '23281Z', '23275I', '21326V', '84692Z', '84949O', '84970LF', '84997AH', '72351AA', '48116K', '20969R', '35095BN', '23431D', '23510V', '21135E', '23344R', '21098K', '35095AT', '35610AZ', '20971S', '35961N', '20985D', '21231K', '20984B', '20975Y', '47556BE', '21385E', '20718A', '17096D', '85106U', '23217N', '16237N', '23210F', '23208E', '23207R', '16169EL']"
255537,"['84212C', '22197J']"
155538,"['22197J', '17003M']"
244458,['22740K']
344457,['23084M']
354447,['22693N']
165438,['21829T']
365436,['21175V']
154638,['21977R']
54639,['17003M']
44649,"['22273M', '22693N', '84992D', '20971S', '22189I', '21985C', '23084M', '21982Y', '22147L', '22149E', '85099BJ', '85099FC', '84991R', '22570W', '21213V', '21975B', '22759Z', '22569R', '22379G', '82484O', '22568A', '21623S', '23378J', '17021U', '21704M', '21181K', '22555O', '21166I', '22507V', '22386V', '20969R', '21390P', '21621T', '21977R', '22964E', '22909Z', '23230A', '22174M', '22382I', '22998M', '22027K', '22856A', '22952P', '84879M', '22343N', '22045U', '22489J', '85099CQ', '21202D', '22029R', '72232C', '22616B', '21206X', '22791E', '22618S', '21981M', '22865Y', '22866X', '22111I', '22188M', '22096G', '23340L', '22344M', '84380W', '22346F', '22345K', '22585G', '22417M', '84997BG', '82583N', '22466O', '22030B', '22944W', '22950F', '84568Z', '21731V', '21212D', '22292I', '22491V', '21174F', '22951B', '22297H', '85150Z', '16045M', '23206T', '23134S', '84945I', '16008I', '23381G', '23380Y', '21983K', '84946F', '84947R', '21976M', '23543B', '22151L', '22381J', '21877C', '21874B', '21485W', '22197J', '20724F', '22615Z', '23199M', '23294M', '22554P', '20725N', '35924B', '22094G', '21873C', '21558V', '23297N', '21559P', '16259V', '22557Z']"
523665,['85123AY']
383706,['22616B']
462825,['22492E']
352836,"['15036Z', '22727B', '22961C', '85152E', '23497Q', '23552T', '23498F', '22457C', '22197J']"
52839,"['21098K', '85123AY', '22469S', '22151L', '22998M', '21733F', '22470E', '22727B', '22961C', '22178V', '15034D', '23171H', '85099BJ']"
47160,['22197J']
347157,"['21212D', '22355U', '22693N', '20724F', '21620I', '22469S', '22470E', '72232C', '20719E', '21918L', '22178V', '21733F', '20723U', '23310X', '23204B', '21916D', '23206T', '20668K', '22951B', '20725N', '22920I', '22356T', '22554P', '22086O', '71459J', '21121C', '21931F', '20728Z', '20712E', '23209X', '23199M', '84755J', '79323BM', '21975B', '22659F', '22629C', '21976M', '22578A', '22741O', '20726C', '22243L', '79321V', '23344R', '85099BJ', '23309L', '21790Y', '23205F', '22417M', '22384W', '21213V', '84978X', '22383K', '23121M', '22130P', '23268O', '23200Y', '21498M', '47566Y', '23167J', '21166I', '22077P', '23119M', '21929W', '23077P', '35095BN', '23076Z', '22993E', '35095AT', '22029R', '21982Y', '79190BW', '22030B', '21080R', '22630B', '22326L', '22556N', '84029EX', '22577B', '84991R', '20727V', '84988Y', '85099CQ', '84970SL', '84945I', '22411U', '20973S', '21928E', '22963K', '21930O', '22294U', '22988D', '22966E', '22908G', '21210C', '22910D', '21232B', '84946F', '21385E', '22551F', '21871Y', '22467G', '21394I', '84997CQ', '22352Z', '22382I', '23203B', '23202Z', '23201S', '22418R', '23230A', '23231J', '23240L', '21479J', '23281Z', '23155O', '21673M', '23293D', '23122S', '23297N', '22440M', '21422L', '23307D', '84929V', '21559P', '79000Z', '22560W', '35961N', '22103E', '22661W', '22610S', '22613A', '22174M', '22114V', '75049LA', '21124F', '82600H', '22558H', '21135E', '22804V', '21137F', '22102P', '22714G', '23581R', '20718A', '84692Z', '22651T']"
342846,"['48187N', '20685H', '48188P', '48194E', '16219C', '48138T', '48173CT']"
42849,['84347V']
541755,"['22952P', '85123AY', '62018W', '22950F', '21175V', '22909Z', '23117T', '84879M', '22197J', '22920I', '71477B', '23343M', '21915K', '23378J', '23203B', '21181K', '22910D', '21620I', '22355U', '22086O', '20971S', '22386V', '22961C', '22065D', '22578A', '23310X', '22610S', '23340L', '22273M', '21731V', '71459J', '85099CQ', '23077P', '22615Z', '22178V', '22577B', '21928E', '23380Y', '20724F', '21975B', '20719E', '21981M', '22469S', '84755J', '23202Z', '84946F', '17084RT', '22130P', '23209X', '84978X', '85099BJ', '22094G', '21914B', '23297N', '22741O', '84950I', '48116K', '84988Y', '23381G', '21791H', '22969Z', '22045U', '22151L', '23207R', '22666I', '22411U', '22959R', '22609U', '23344R', '23201S', '21232B', '22096G', '21137F', '21929W', '22470E', '22556N', '22457C', '22189I', '47566Y', '48111G', '21166I', '23230A', '23318Z', '23309L', '21733F', '21790Y', '22147L', '22993E', '23166P', '23167J', '22966E', '23199M', '23204B', '23206T', '23215I', '21498M', '21497K', '23231J', '21891R', '23293D', '23307D', '23177K', '21326V', '84945I', '20725N', '20723U', '16156SH', '82583N', '85152E', '20726C', '22690X', '22960K', '22579W', '22558H', '23270T', '23376B', '79030GK', '22940N', '20974J', '22560W', '75049LA', '22692J', '16161UB', '22697A', '22551F', '16161PA', '21479J', '22584Q', '22907C', '23245W', '22630B', '82582N', '22541B', '23300F', '22114V', '23078Y', '22659F', '23321O', '17021U', '23326S', '20728Z', '23328X', '22662G', '23301G', '22992G', '21213V', '22991T', '20727V', '79321V', '84947R', '20914Q', '23296Z', '22667K', '22382I', '22561Z', '23353X', '23157X', '23193C', '22620B', '23232F', '21977R', '21984W', '84029EX', '21086B', '22619G', '21500P', '21080R', '21506J', '22783G', '23208E', '23205F', '22771L', '11001M', '20712E', '22749K', '48138T', '48187N', '20685H', '48194E', '22711H', '84970SL', '23550P', '23582G', '23581R', '21931F', '23571G', '23570W', '22710N', '22385P', '21930O', '23233W', '22149E', '21916D', '84692Z']"
41760,"['84879M', '23084M', '22197J', '21731V', '22595D', '20974J', '84992D', '23203B', '84950I', '23345S', '22991T', '23215I', '22564D', '22992G', '22493I', '23201S', '23207R', '21390P', '11001M', '22489J', '22561Z', '23209X', '22544C', '22191G', '23293D', '23346H', '22629C', '22326L', '21791H', '22759Z', '85099BJ', '23205F', '22630B', '22328M', '22661W', '20829J', '22712N', '84755J', '23086Z', '85099FC', '84347V', '21479J', '23170S', '23117T', '21700U', '23295P', '21481J', '23275I', '23298Q', '22610S', '22551F', '84929V', '21620I', '20972O', '23177K', '21976M', '22027K', '23176Z', '20724F', '23297N', '21121C', '23240L', '23193C', '21430A', '22940N', '20728Z', '20712E', '23294M', '23171H', '84947R', '23078Y', '23245W', '21929W', '21877C', '23328X', '21098K', '21509I', '16161PA', '21156K', '23206T', '84997DC', '21975B', '22959R', '22025A', '22593E', '21985C', '22418R', '22944W', '22178V', '23353X', '22553Q', '23256O', '20725N', '22417M', '22534C', '23202Z', '22383K', '23296Z', '23545U', '22998M', '22531M', '23199M', '21069U', '22147L', '22609U', '85099CQ', '75049LA', '22555O', '23307D', '22543G', '22585G', '20719E', '21124F', '21899D', '22382I', '37370Z', '84596GP', '22540W', '23166P', '23121M', '21287D', '23204B', '84997BG', '21902W', '22411U', '23234A', '22131I', '21900A', '22951B', '22662G', '77101AT', '20726C', '22716A', '22557Z', '22554P', '22273M', '23550P', '23292K', '22916M', '23287L', '84991R', '23500J', '22466O', '22950F', '22149E', '47566Y', '22917U', '22558H', '23194R', '21326V', '22919F', '23326S', '22619G', '22907C', '23241W', '22467G', '22386V', '22379G', '20979K', '23281Z', '22621P', '22674G', '23238P', '20717I', '21122K', '20975Y', '21623S', '22507V', '20675E', '22243L', '23200Y', '21928E', '22384W', '23389U', '23165S', '23122S', '23208E', '21240N', '23237P', '21559P', '22423U', '22533C', '23198Y', '85123AY', '22908G', '15034D', '21086B', '22037V', '10133M', '23280V', '21500P', '22029R', '22899Q', '22608F', '21218O', '35954V', '23076Z', '20718A', '82484O', '23120O', '22078R', '23189A', '22189I', '90057R', '21915K', '21930O', '22739W', '22738Y', '22616B', '22736S', '22434S', '22150K', '21507E', '20723U', '22336O', '22697A', '23231J', '23300F', '23172Q', '22030B', '23469Z', '21213V', '22549T', '23360X', '22385P', '22460J', '22335Z', '21654F', '22601T', '22138G', '22082A', '21881M', '20677D', '84997CQ', '21439F', '22631M', '22579W', '23290W', '22865Y', '22699D', '22546L', '22356T', '23436I', '22956D', '21499T', '23312N', '22045U', '22337H', '23291F', '23236J', '23255L', '21084K', '23004D', '22698C', '35953W', '35961N', '22704P', '21672A', '23144I', '22800V', '23355Z', '23175H', '21544W', '23347G', '21873C', '22637S', '23123F', '23254E', '22381J', '22294U', '21096Q', '22355U', '21232B', '20676O', '47503AN', '79321V', '84826T', '84406BH', '22343N', '22399O', '22577B', '23327C', '84949O', '21429E', '84997AH', '23314P', '84596BQ', '82581P', '21884K', '21810L', '23174D', '23306Z', '22945X', '20727V', '22921W', '22918F', '21770E', '22539E', '22079R', '21239K', '22663L', '23270T', '23301G', '22338I', '84970SL', '23242A', '21669G', '47593BL', '21242V', '22420M', '23286O', '20984B', '22244X', '22708V', '21811V', '22834J', '21169G', '22570W', '21244H', '21498M', '84508AE', '22556N', '23480U', '23196E', '21785M', '22402W', '21198V', '21809L', '82494LP', '22478H', '72802CE', '22573R', '71459J', '22333G', '47504HB', '21871Y', '22909Z', '22986P', '23230A', '21868Y', '21535E', '21199L', '22367K', '22617A', '23494O', '21080R', '23546H', '22625P', '22755K', '21564K', '21563N', '22980U', '22292I', '21238G', '22735X', '22537N', '22148Z', '22754C', '21876I', '71477B', '22983O', '21891R', '23057O', '22594A', '85014BD', '22814E', '22477A', '82552M', '22866X', '22779J', '84832I', '21508L', '10135P', '22331U', '22525M', '79164C', '23440Y', '23446P', '23447M', '21804J', '21503F', '22111I', '22706R', '22816Q', '20956X', '22047L', '23108J', '21875C', '22857G', '22352Z', '21561W', '22536B', '23310X', '22758C', '21403N', '23244J', '21399R', '21879Z', '23289K', '23331G', '21882L', '22734C', '84945I', '22904F', '22491V', '16161UB', '21621T', '84692Z', '20685H', '22946R', '23113X', '22488P', '85132AD', '85071AE', '21111G', '22710N', '84596LY', '20983Y', '84598D', '85049GC', '21090G', '20963G', '22791E', '21980L', '22109D', '22652D', '85184CK', '22780U', '22435K', '23308G', '22726C', '21385E', '21932M', '23569K', '22055T', '22633V', '21245S', '21888F', '21319Q', '21318C', '23285I', '21197E', '46000SJ', '22142B', '23173W', '22479R', '21154F', '22718P', '21174F', '85172L', '22988D', '84596JR', '22080D', '23470Y', '22603Q', '17003M', '48116K', '84970LF', '22670P', '84976S', '21694A', '22996P', '23483M', '22112V', '23100G', '22219N', '22981K', '21870X', '20750C', '22097D', '22568A', '22567D', '22855Q', '22856A', '22230W', '21844I', '22979P', '22896Q', '85035CL', '22902M', '21824R', '22746G', '22545H', '21035O', '23000P', '22393T', '21181K', '16237N', '84050K', '23253H', '22139Q', '21558V', '22196G', '22620B', '22693N', '85178F', '16236S', '16219C', '23583L', '21155Z', '16235A', '35970L', '23319Q', '23168M', '21136P', '22083G', '21216B', '22084R', '23103F', '22501Q', '22508O', '23232F', '22389X', '22729W', '23239Z', '48187N', '21313C', '23399Y', '21644N', '22604J', '22344M', '21485W', '22505F', '21936G', '17091JD', '85071BT', '21058L', '21320U', '23309L', '21428B', '22464B', '22041A', '22668V', '47590BU', '23213E', '23598E', '22439F', '23499W', '15056BLH', '22571W', '22766P', '21249J', '21896V', '21892U', '22807L', '22615Z', '22757D', '22815Y', '21380E', '22817Z', '22818I', '21381P', '21880B', '23597O', '21421E', '22051L', '21914B', '22483A', '79051AX', '21094A', '85131AI', '22345K', '23125Q', '21112W', '84801AE', '22210R', '84596FA', '22482I', '21043X', '22480D', '82486S', '22934E', '22128V', '23182N', '22346F', '51014LS', '22732E', '22329R', '22900U', '22747N', '48194E', '22499N', '20674R', '22745M', '20961S', '84836J', '21670S', '75178B', '21933N', '22628U', '85049EP', '22720A', '21935J', '85227H', '22749K', '85071CC', '85212R', '21931F', '22742P', '16169EL', '22574T', '22692J', '21983K', '22043M', '20668K', '22081J', '22676W', '22733V', '21260A', '23162V', '23102L', '23263V', '47504KA', '47590AN', '48111G', '23235U', '21179M', '48188P', '23210F', '71053R', '72586H', '21165F', '72802BO', '23192L', '79163I', '82482D', '22400A', '85032DO', '82551H', '84012F', '21192D', '22465K', '23273Z', '23562I', '23445C', '22152O', '23547Y', '21306T', '23419X', '21314Q', '22458G', '23561C', '21243M', '22421F', '23340L', '23334M', '23333X', '22436B', '21397T', '22154A', '21206X', '22176G', '23110A', '22997O', '22984H', '21584L', '22198K', '21874B', '21833B', '23006Q', '21830E', '21829T', '21716W', '84993AK', '84614AP', '22957K', '22898W', '20914Q', '22378H', '84880V', '23032G', '21671K', '21071P', '23079S', '21592F', '84218U', '23083I', '23082N', '22854V', '21616V', '84828A', '84313CE', '21078I', '23055P', '22851J', '22457C', '22438R', '22104K', '22440M', '22231R', '22366J', '22241L', '22348L', '22075W', '22502M', '22432D', '22472Z', '22396C', '22195J', '22583A', '22487O', '22596T', '22600F', '22185B', '22416F', '22171T', '22515B', '22578A', '22127Y', '22144E', '22519P', '22207L', '22175U', '22095Q', '90210CN', '22068H', '23002D', '84792X', '20977U', '23302F', '23284M', '23266U', '21442O', '23264K', '23250A', '23229V', '20971S', '23190S', '23188L', '23163U', '23161A', '23158A', '84915T', '23145J', '21523L', '84946F', '21531U', '23109C', '22297H', '21578P', '23090Z', '84978X', '20803Z', '20801C', '85034CF', '21650J', '21354L', '23358H', '21292J', '21014O', '84006Q', '84535BP', '21108Z', '21065W', '82483P', '79063CP', '21137F', '21167A', '51014AW', '48184N', '48138T', '47599BN', '21195Z', '46000MP', '84754D', '84660BF', '21202D', '37413U', '37340T', '21208V', '21209Y', '20981E', '35610AZ', '23575V', '23560D', '84691N', '21259G', '21284D', '85039BH', '85039AJ', '21713G', '21883V', '21897X', '21898V', '22784C', '21714L', '21907O', '22751U', '85174H', '22731C', '21934D', '85183BW', '16218Y', '22705I', '21974Q', '22690X', '22687S', '22686P', '16169MK', '90210BN', '16008I', '22665A', '22046Q', '22647A', '22644U', '22048X', '22049I', '22632O', '22060W', '22819Q', '21903Y', '22961C', '21818Q', '22993E', '85049AF', '21718N', '85061WF', '21756Q', '22970T', '22964E', '85093X', '22858H', '21807D', '84029GV', '21823I', '22860O', '22911G', '22905R', '21845L', '22892Z', '22897R']"
161838,['21829T']
61839,['21829T']
38160,['17003M']
351846,['22616B']
148149,['22595D']
540855,"['84077K', '21977R', '23084M', '21915K', '85123AY', '23115D', '21137F', '20724F', '21975B', '21213V', '22355U', '84991R', '21175V', '20719E', '75049LA', '84755J', '23204B', '22489J', '84879M', '22951B', '20723U', '22178V', '23206T', '22243L', '71459J', '22554P', '23203B', '75131T', '22417M', '22356T', '21976M', '23117T', '21731V', '20725N', '20712E', '22966E', '79321V', '22029R', '22030B', '20728Z', '84946F', '21889K', '21791H', '23199M', '47566BG', '21498M', '23167J', '23205F', '23275I', '21931F', '21703M', '22411U', '22418R', '23077P', '23209X', '22539E', '22693N', '23121M', '71477B', '23310X', '23307D', '22661W', '84978X', '22546L', '21121C', '21124F', '84945I', '22384W', '22741O', '21166I', '47566Y', '21135E', '21080R', '35961N', '22382I', '23295P', '21181K', '22970T', '23200Y', '23201S', '23076Z', '21810L', '22998M', '21509I', '22993E', '22992G', '21499T', '22969Z', '22086O', '21479J', '23281Z', '23293D', '22593E', '21930O', '22908G', '22907C', '22027K', '21232B', '22197J', '22713C', '20726C', '20727V', '22558H', '22556N', '20972O', '85099CQ', '82583N', '85175B', '85099BJ', '22326L', '22383K', '22578A', '22536B', '84029EX', '22577B', '22530D', '22544C', '23232F', '23308G', '22467G', '20718A', '22466O', '84947R', '23280V', '22540W', '22041A', '21212D', '22531M', '22952P', '21932M', '21506J', '21231K', '82580N', '84949O', '84970SL', '21981M', '23355Z', '22971A', '21385E', '23268O', '22491V', '23270T', '23374A', '23245W', '22988D', '22991T', '22303W', '21507E', '84692Z', '23290W', '22551F', '22440M', '22561Z', '85150Z', '22301J', '22174M', '23122S', '20974J', '23294M', '21070F', '21068Y', '84836J', '85178F', '22610S', '22956D', '22302N', '22571W', '23157X', '21669G', '23296Z', '22300C', '21122K', '20971S', '84950I', '22555O', '23078Y', '22114V', '16156SH', '22961C', '22712N', '22130P', '21559P', '85099FC', '21790Y', '22663L', '22386V', '22662G', '16161PA']"
306387,['21977R']
93609,"['84347V', '84077K', '22492E', '85099BJ', '22629C', '21731V', '22630B', '22386V', '22470E', '22440M', '22489J', '20724F', '22469S', '23293D', '20712E', '22998M', '23203B', '21733F', '23209X', '22326L', '22544C', '22029R', '23510V', '85123AY', '23507E', '85099FC', '20719E', '22551F', '22951B', '21121C', '23345S', '22554P', '22355U', '23206T', '22178V', '23199M', '23346H', '23295P', '22610S', '22710N', '23204B', '15036Z', '22417M', '23114G', '23297N', '22382I', '21976M', '20725N', '23201S', '22693N', '84755J', '23205F', '22969Z', '21929W', '20726C', '84929V', '23084M', '22759Z', '20728Z', '23171H', '22631M', '22243L', '23294M', '22411U', '23240L', '22418R', '22356T', '16156SH', '22467G', '23200Y', '23207R', '20723U', '23230A', '22556N', '22952P', '23232F', '22383K', '85099CQ', '23077P', '23121M', '22909Z', '21928E', '23307D', '22618S', '22384W', '22557Z', '22662G', '22609U', '22741O', '21931F', '21181K', '71459J', '21124F', '21787C', '20973S', '22908G', '22661W', '23202Z', '22539E', '22546L', '21497K', '16161PA', '21509I', '22993E', '23296Z', '22151L', '23245W', '22961C', '23231J', '21166I', '79321V', '23170S', '47566Y', '22385P', '22712N', '23122S', '84978X', '21212D', '21559P', '21914B', '21086B', '84946F', '84879M', '22027K', '22940N', '22558H', '22959R', '22555O', '21080R', '21390P', '23281Z', '22045U', '23344R', '21498M', '21506J', '23328X', '23353X', '23545U', '21326V', '22651T', '23076Z', '21672A', '22963K', '21210C', '22714G', '23236J', '22531M', '16161UB', '20727V', '84596GP', '20713F', '22543G', '22491V', '20979K', '22379G', '21232B', '21930O', '20676O', '22131I', '21137F', '23310X', '22613A', '23309L', '21135E', '23308G', '20971S', '22423U', '21507E', '21499T', '21669G', '21500P', '82580N', '23326S', '23550P', '23144I', '22460J', '22910D', '82583N', '84970SL', '84947R', '22907C', '22834J', '84945I', '22866X', '35961N', '20711L', '21122K', '22950F', '23233W', '22244X', '22663L', '90057R', '22294U', '22030B', '22534C', '20984B', '22956D', '23208E', '23078Y', '22174M', '22697A', '22620B', '23292K', '22367K', '23287L', '23298Q', '23234A', '22553Q', '84508AE', '22399O', '84692Z', '22996P', '23436I', '23371H', '21238G', '22984H', '21240N', '21668N', '21670S', '22652D', '21385E', '21561W', '84949O', '22273M', '23241W', '21481J', '21429E', '21495P', '22333G', '23275I', '23280V', '22352Z', '22158K', '23290W', '16237N', '22150K', '22149E', '22147L', '23172Q', '22130P', '84997DC', '84997BG', '23123F', '22466O', '22659F', '22245R', '22608F', '21981M', '22899Q', '82600H', '21881M', '22704P', '22621P', '21094A', '22713C', '22791E', '22716A', '22720A', '75049LA', '22771L', '22726C', '22728B', '37370Z', '20974J', '20972O', '21975B', '23581R', '21156K', '22699D', '22865Y', '21933N', '84029EX', '71477B', '72741B', '22090X', '22545H', '21810L', '21218O', '22736S', '23177K', '22041A', '22734C', '22646J', '22738Y', '22633V', '22047L', '22142B', '22219N', '23189A', '22698C', '22037V', '22348L', '22632O', '22028K', '22381J', '22025A', '22335Z', '22619G', '22336O', '22337H', '22739W', '21988M', '22338I', '22331U', '22540W', '23175H', '22549T', '22570W', '21642S', '21650J', '21671K', '22567D', '22945X', '22561Z', '21673M', '22992G', '22086O', '22986P', '22983O', '21704M', '22980U', '22957K', '22094G', '22966E', '22960K', '22087E', '21830E', '23174D', '22128V', '21932M', '22139Q', '22962X', '22585G', '21508L', '22083G', '22084R', '23154P', '21544W', '21889K', '21917S', '22577B', '22779J', '22780U', '22804V', '23119M', '23117T', '22112V', '22964E', '23086Z', '23340L', '20677D', '48111G', '23306Z', '23582G', '23372N', '23480U', '23321O', '21154F', '21136P', '20675E', '23493H', '23370K', '23327C', '84375E', '85106U', '23508J', '21213V', '84997CQ', '47503AN', '84991R', '84987W', '21078I', '23506M', '23360X', '84836J', '20717I', '20718A', '48116K', '21098K', '23301G', '23284M', '21430A', '82482D', '23389U', '23534D', '23254E', '23255L', '23256O', '21399R', '21242V', '23380Y', '21174F', '15056ND', '85150Z', '23289K', '23291F', '16169EL', '23300F']"
193608,"['22740K', '85099BJ', '22151L', '22386V', '21108Z', '85123AY', '22355U', '22266W', '22998M', '22130P', '22086O', '20719E', '20724F', '22489J', '21497K', '85099FC', '85204U', '23268O', '84978X', '71459J', '84946F', '22178V', '22417M', '84755J', '20712E', '22158K', '16156SH', '23203B', '22578A', '23077P', '21135E', '22951B', '22531M', '23232F', '22418R', '23344R', '23204B', '22554P', '23199M', '22533C', '20725N', '23171H', '22710N', '23201S', '20723U', '22741O', '22356T', '22910D', '23206T', '21931F', '22029R', '85078B', '22536B', '22543G', '22534C', '23230A', '22551F', '22384W', '23209X', '23113X', '23570W', '22161W', '23571G', '22411U', '22865Y', '22328M', '23205F', '22629C', '22243L', '21791H', '22630B', '84929V', '20728Z', '22546L', '35923D', '21731V', '85099CQ', '22610S', '21326V', '21124F', '23581R', '82580N', '23170S', '22866X', '21212D', '22326L', '21498M', '22759Z', '23510V', '21506J', '22383K', '21121C', '21976M', '22558H', '22540W', '22544C', '22659F', '23310X', '22379G', '21166I', '82583N', '23202Z', '23200Y', '21790Y', '21929W', '84945I', '21928E', '20971S', '21918L', '22661W', '21122K', '84836J', '21500P', '22713C', '23582G', '22385P', '21080R', '22993E', '79321V', '16161UB', '23366F', '22952P', '23321O', '23309L', '20726C', '23270T', '23293D', '47566Y', '20727V', '23307D', '22335Z', '22992G', '23233W', '21181K', '22577B', '22945X', '23367M', '16161PA', '23507E', '23121M', '23300F', '21914B', '22662G', '22030B', '23365N', '22337H', '23281Z', '22077P', '23292K', '21499T', '21232B', '22045U', '22336O', '22491V', '21889K', '21830E', '84692Z', '23327C', '22867O', '23078Y', '72741B', '22712N', '22469S', '22467G', '23076Z', '23280V', '22996P', '22556N', '23212C', '23231J', '23210F', '22609U', '23245W', '22961C', '84988Y', '22423U', '22561Z', '84970SL', '84029EX', '22633V', '22244X', '23493H', '23313G', '20973S', '20972O', '23378J', '23376B', '22294U', '21930O', '75049LA', '22991T', '22771L', '22908G', '82600H', '21673M', '22047L', '22956D', '22141S', '22102P', '21094A', '35961N', '21154F', '22834J', '21385E', '21136P', '22114V', '22791E', '21891R', '84406BH', '22382I', '23301G', '23263V', '23508J', '23295P', '22663L', '23294M', '23354R', '22267I', '21507E', '21509I', '21669G', '21670S', '84947R', '23192L', '85106U', '22555O', '22367K', '21544W', '22613A', '22601T', '23207R', '20718A', '21559P', '23346H', '20992N', '22268P', '22287S', '23298Q', '23144I', '22286L', '23154P', '23297N', '22711H', '16237N', '21672A', '23240L', '22704P', '22699D', '21668N', '22466O', '21591D', '23174D', '22560W', '23175H', '20711L', '21287D', '23308G', '22027K', '22959R', '23122S', '23275I', '22037V', '21240N', '22907C', '51014AW', '23296Z', '22041A', '47591DY', '23351C', '23318Z', '23355Z', '23291F', '22960K', '23371H', '23343M', '47566BG', '23290W', '22999A', '22984H', '21916D', '21845L', '23119M', '23551L', '21811V', '21429E', '23172Q', '21671K', '23173W', '21495P', '21892U', '21900A', '21394I', '23505E', '23504V', '23503O', '22986P', '23187K', '23188L', '21238G', '23445C', '23439A', '35970L', '21936G', '21937S', '23208E', '37370Z', '23123F', '21561W', '23225T', '22994B', '23176Z', '23319Q', '21155Z', '22333G', '84970LF', '85150Z', '71477B', '20975Y', '84997CQ', '22646J', '84596GP', '82482D', '84375E', '20974J', '84596BQ', '20676O', '21174F', '22131I', '22594A', '22726C', '22549T', '22103E', '84949O', '22553Q', '82582N', '22557Z', '22804V', '85049AF', '21078I', '22585G', '22579W', '22112V', '84976S', '84997DC', '22174M', '22470E', '22440M', '22197J', '22399O', '22899Q', '22381J', '84508AE', '22144E', '22697A', '15056ND', '22419N', '72232C', '85212R', '22698C', '22435K', '22142B', '22603Q', '85194SR', '22338I', '22460J', '16218Y', '20984B', '79000Z', '22087E', '22084R', '16169EL', '22714G', '22352Z', '22080D', '22608F', '22632O']"
96399,['84077K']
203598,"['85175B', '47566BG', '84077K', '21175V']"
403596,"['21212D', '22355U', '20724F', '20719E', '21135E', '21620I', '71459J', '20723U', '84755J', '23204B', '22178V', '22578A', '22086O', '72232C', '22595D', '23268O', '21121C', '22554P', '82583N', '22356T', '21498M', '22741O', '23206T', '23310X', '21213V', '20725N', '22303W', '22030B', '84991R', '22301J', '22302N', '22910D', '22577B', '21918L', '21975B', '20728Z', '21166I', '22304I', '22411U', '22551F', '22300C', '21070F', '21068Y', '23205F', '22384W', '22951B', '21326V', '22659F', '84978X', '21931F', '22243L', '84946F', '21790Y', '22558H', '21874B', '82600H', '20726C', '47566Y', '22130P', '82580N', '84945I', '20712E', '79321V', '22383K', '21066X', '21916D', '22610S', '23209X', '22630B', '23077P', '23076Z', '21232B', '21976M', '21977R', '85099CQ', '21497K', '22661W', '22629C', '20727V', '21124F', '23121M', '21080R', '22560W', '15036Z', '21137F', '75049LA', '23199M', '23309L', '84970SL', '84029EX', '22740K', '23344R', '23230A', '22029R', '84836J', '16237N', '22993E', '21673M', '22114V', '21928E', '84692Z', '23119M', '21499T', '84988Y', '21669G', '20718A', '22418R', '35961N', '23307D', '21385E', '22417M', '22326L', '23232F', '22804V', '22467G', '62018W', '23298Q', '22908G', '79000Z', '23078Y', '85106U', '23084M', '22077P', '22491V', '21559P', '21154F', '23122S', '21506J', '21500P', '23203B', '21122K', '23355Z', '23202Z', '22111I', '23300F', '23301G', '23318Z', '21422L', '21479J', '21136P', '21394I', '22112V', '35095AT', '22556N', '79323BM', '21871Y', '21872C', '22791E', '22772B', '22771L', '84949O', '21929W', '22714G', '21930O', '16161PA', '16156SH', '22712N', '22711H', '21936G', '85099BJ', '22666I', '22662G', '22609U', '22065D', '23281Z', '21670S', '20972O', '22952P', '35095BN', '21672A', '21668N', '22961C', '22960K', '21934D', '22027K', '22988D', '23290W', '23233W', '21671K', '23123F', '22966E', '23231J', '22699D', '23240L', '22720A', '22675S', '22996P', '23115D', '21980L', '23245W', '23247Z', '22652D', '22621P', '22489J', '22726C', '21395V', '21873C', '21746N', '21791H', '21810L', '21811V', '22956D', '22469S', '22867O', '22834J', '23168M', '23155O', '22792D', '21495P', '22087E', '22579W', '22774I', '22962X', '21507E', '21889K', '23208E', '22585G', '21914B', '21509I', '23200Y', '22614B', '23319Q', '72741B', '23571G', '23581R', '51014AW', '20992N', '23321O', '35970L', '71477B', '21200G', '85049AF', '84970LF', '21181K', '79030GK', '16161UB', '23354R', '22413V', '84997DC', '84997CQ', '79190BW', '23570W', '22352Z', '22419N', '22294U', '21238G', '84029GV', '22333G', '40016U', '21094A', '23493H', '20676O', '22242L', '85150Z', '20975Y', '22382I', '15056ND', '84378P', '22244X', '22245R', '21231K', '84596BQ']"
44460,"['22740K', '22151L', '22266W', '84879M']"
444456,['84879M']
345546,['22151L']
145359,"['84879M', '22952P', '22950F', '22909Z', '23005J', '85099BJ', '23378J', '23203B', '84950I', '21984W', '22386V', '22985B', '23201S', '21069U', '22910D', '23340L', '22629C', '21731V', '22615Z', '23380Y', '22096G', '20974J', '22961C', '22610S', '22991T', '21980L', '23381G', '21981M', '21877C', '23207R', '23215I', '22564D', '21914B', '22578A', '85099FC', '85099CQ', '22992G', '23209X', '22493I', '21871Y', '21791H', '22959R', '47566BG', '21086B', '11001M', '20971S', '22273M', '22086O', '22727B', '22659F', '22094G', '84947R', '22630B', '22130P']"
513675,"['85099BJ', '85099FC', '22386V', '22759Z', '22379G']"
156249,['15034D']
542655,['22595D']
158238,['23113X']
48150,"['20713F', '21891R', '21915K', '22440M']"
539055,['84077K']
448245,['22197J']
151749,"['84347V', '21829T', '22197J']"
451746,['85123AY']
24570,"['84077K', '47566BG']"
275427,['22197J']
375426,"['84077K', '85123AY', '22740K']"
452745,"['20719E', '20724F', '22355U']"
152748,['15036Z']
358236,"['22952P', '84879M', '21620I', '22909Z', '22469S', '22969Z', '22950F', '22470E', '23378J', '23381G', '23380Y', '22355U', '84950I', '22659F', '21175V', '22615Z', '22096G', '22610S', '23340L', '21981M', '21733F', '23310X', '23288S', '22740K', '23285I', '23286O', '22094G', '23230A', '21918L', '23215I', '23203B', '21984W', '22102P', '22103E', '22910D', '22386V', '22741O', '22578A', '71459J', '21916D', '85099BJ', '22991T', '22493I', '22178V', '84946F', '22961C', '84988Y', '22993E', '22130P', '22998M', '22086O', '22045U', '23199M', '23201S', '21931F', '21914B', '23243L', '20724F', '23293D', '23309L', '23344R', '21086B', '21790Y', '22564D', '84755J', '22541B', '20973S', '20974J', '11001M', '22560W', '22609U', '22556N']"
544455,['84568Z']
493605,"['22492E', '22197J', '22985B', '22629C', '84077K', '21918L', '22988D', '85175B', '21980L', '22659F', '21977R', '85099BJ', '21984W', '22030B', '84929V', '22652D', '20724F', '21700U', '22983O', '22348L', '21916D', '21877C', '20725N', '23209X', '22728B', '22355U', '22630B', '22710N', '22693N', '22151L', '23206T', '23205F', '23084M', '85099CQ', '23199M', '22294U', '22740K', '21844I', '22713C', '22178V', '22970T', '90057R', '20712E', '35095BN', '35095AT', '22595D', '22383K', '22900U', '48187N', '21731V', '23203B', '21928E', '21929W', '22727B', '22384W', '21733F', '72351AA', '72351BE', '22470E', '22469S', '22699D', '22966E', '23201S', '22741O', '23204B', '20728Z', '79190BW', '20685H', '22726C', '22766P', '21931F', '21498M', '84992D', '22557Z', '21080R', '20719E', '20726C', '23230A', '23200Y', '40016U', '22697A', '48194E', '71459J', '84755J', '23309L', '22971A', '21212D', '84947R', '22356T', '21882L', '22725X', '23119M', '23207R', '47566Y', '22326L', '21314Q', '79321V', '21390P', '16237N', '23170S', '16219C', '22382I', '23245W', '22729W', '48138T', '23240L', '22029R', '21932M', '22698C', '22411U', '22536B', '62018W', '22273M', '21086B', '22077P', '79191CA', '15056BLH', '22489J', '21976M', '48188P', '85204U', '84029EX', '21891R', '48173CT', '22467G', '22616B', '21166I', '20723U', '21933N', '23202Z', '22993E', '23122S', '22651T', '21672A', '22556N', '21509I', '22554P', '23281Z', '21917S', '22553Q', '21880B', '21873C', '22352Z', '21232B', '22960K', '22617A', '85230GS', '22730Z', '22266W', '20718A', '22147L', '21644N', '15036Z', '48185J', '22940N', '22908G', '21881M', '23298Q', '21523L', '84970LF', '21326V', '21531U', '22662G', '23208E', '23165S', '85230EY', '22560W', '23217N', '22834J', '85230AJ', '21181K', '23216U', '21879Z', '21121C', '72741B', '21094A', '21936G', '22296X', '21982Y', '23275I', '79160T', '22112V', '20975Y', '21955E', '85078B', '22131I', '84596GP', '22791E', '84692Z', '47481G', '22690X', '21403N', '21499T', '21673M', '22950F', '22418R', '21394I', '22804V', '20974J', '23231J', '23159Q', '22558H', '22963K', '82583N', '85099FC', '82600H', '22771L', '23155O', '22661W', '23297N', '21500P', '23234A', '23356F', '23355Z', '21930O', '23529E', '23353X', '21398J', '21218O', '22704P', '23310X', '21915K', '22055T', '23550P', '35610AZ', '21497K', '23328X', '23210F', '22989L', '82482D', '22964E', '22084R', '22959R', '84949O', '22360Q', '72802CE', '22423U', '20727V', '21124F', '22507V', '85172L', '22530D', '84050K', '84380W', '48116K', '22898W', '84459AJ', '22150K', '85014BD', '22419N', '23121M', '21914B', '84997DC', '22951B', '23360X', '22161W', '23256O', '21506J', '21385E', '20711L', '84970SL', '21395V', '21507E', '21508L', '23244J', '47471B', '22027K', '22173N', '47559BK', '84997CQ', '16156SH', '15056ND', '23293D', '22984H', '23307D', '22772B', '22244X', '23287L', '22243L', '22969Z', '23284M', '22331U', '22417M', '22961C', '17021U', '22196G', '20668K', '23345S', '22399O', '20676O', '20677D', '22128V', '23076Z', '22464B', '22025A', '23241W', '21878P', '22090X', '21231K', '22551F', '21069U', '82494LP', '21210C', '23166P', '23294M', '22637S', '35961N', '35970L', '84212C', '21122K', '22570W', '71477B', '22621P', '21559P', '22585G', '22816Q', '21174F', '21156K', '22601T', '21239K', '75049LA', '21527P', '22049I', '22111I', '22041A', '20985D', '23545U', '22910D', '22962X', '22915G', '23173W', '21485W', '23132P', '23174D', '22835R', '21908X', '21535E', '23289K', '22920I', '23004D', '22818I', '23237P', '22792D', '21519A', '22986P', '22904F', '22994B', '22773H', '21716W', '21668N', '21669G', '21592F', '21810L', '21874B', '22855Q', '23255L', '21875C', '22896Q', '21623S', '22907C', '23086Z', '23144I', '22956D', '23212C', '23211J', '22957K', '21704M', '21671K', '21670S', '21715T', '21578P', '90210CN', '72807CP', '22138G', '84536AK', '22491V', '20973S', '22505F', '22508O', '20984B', '22531M', '22087E', '21078I', '22086O', '22568A', '22569R', '72802BO', '72232C', '51014LS', '51014AW', '22579W', '22593E', '22594A', '47503AN', '21172S', '37482PR', '37342P', '20914Q', '22139Q', '35923D', '22148Z', '85206AI', '85194LL', '85185BY', '85180BR', '85178F', '22230W', '16161PA', '22333G', '22198K', '20619I', '22385P', '22195J', '85036BO', '22174M', '84997BG', '22156L', '20717I', '22155O', '22435K', '20750C', '22440M', '22149E', '84792X', '21200G', '21238G', '21429E', '21242V', '22738Y', '23326S', '23541C', '22736S', '22045U', '21402K', '23351C', '23525T', '22722E', '21292J', '22720A', '23438M', '22714G', '22712N', '23436I', '21439F', '22711H', '22739W', '23312N', '21240N']"
144549,"['22197J', '22492E']"
156438,['21212D']
523575,"['84077K', '21977R', '21212D']"
546255,['84077K']
526275,['22616B']
443646,['21829T']
444546,"['22197J', '21915K']"
152838,"['85099BJ', '85123AY', '85099FC', '22386V', '22759Z', '22379G', '20668K', '22865Y', '22866X', '84946F', '21787C', '22616B', '16008I']"
204588,['17084RT']
547155,['21212D']
257247,['22197J']
157248,"['21985C', '21982Y']"
474615,['20713F']
542745,['20668K']
342747,['15036Z']
522765,['84879M']
512775,['85099BJ']
541845,['22492E']
521865,"['15034D', '16219C', '48187N', '22610S', '22065D', '20685H', '16045M', '48194E', '48188P', '48173CT', '21523L', '48185J', '48138T', '48116K', '21955E', '23293D', '22578A', '22609U', '22690X']"
121869,"['21497K', '16156SH', '21108Z', '22710N', '79323BM', '16161UB', '22273M', '22713C', '21506J', '23232F']"
388116,"['21135E', '23117T']"
281907,['21212D']
318087,['21175V']
251937,['21135E']
248058,['22629C']
448056,"['20724F', '22355U']"
550845,['23117T']
392796,['15036Z']
553545,['84077K']
552645,['22492E']
554445,['84879M']
536265,['21787C']
67239,['21977R']
556245,['21985C']
548055,['84077K']
518085,[]
418086,"['21985C', '21982Y']"
242847,"['85099FC', '85099BJ', '84946F', '22693N', '85175B', '22386V', '22379G', '20971S', '22759Z']"
507195,['22151L']
487215,"['84879M', '21731V', '22950F', '22610S', '23203B', '23345S', '22959R', '22910D', '23177K', '23293D', '22578A', '23346H', '22940N', '23193C', '84950I', '22952P', '23209X', '23207R', '22909Z', '23326S', '22630B', '16045M', '22609U', '85099CQ', '23297N', '23328X', '23343M', '23295P', '21098K', '23234A', '23353X', '23215I', '23550P', '23202Z', '23545U', '22629C', '84988Y', '22189I', '21390P', '23436I', '23360X', '22492E', '22577B', '22659F', '22386V', '23318Z', '23310X', '22086O', '23296Z', '21929W', '21928E', '23294M', '23117T', '23287L', '21790Y', '21791H', '23245W', '23240L', '23176Z', '23230A', '23194R', '23208E', '23201S', '22544C', '85099BJ', '47566BG', '21175V', '11001M', '20974J', '20712E', '20979K']"
341856,"['84077K', '22492E']"
557235,"['84992D', '22197J']"
555435,"['22355U', '23084M', '20719E', '20724F']"
358146,['84077K']
178128,['15036Z']
560835,"['22197J', '84077K']"
55440,['21977R']
556335,['23167J']
561735,['22492E']
161739,['84992D']
338256,['22197J']
461736,['84879M']
238257,['20668K']
562635,"['62018W', '22470E', '21733F', '22355U', '21181K', '48187N', '71477B', '22386V', '20971S', '22469S', '21977R', '85099BJ', '16045M']"
134658,['23343M']
334656,"['21703M', '21175V', '21790Y', '84988Y', '22998M', '22536B', '21967J', '22535E', '22548G', '22532Z', '22533C', '22151L', '22578A', '15034D', '40016U', '23171H']"
36459,"['85099BJ', '21212D', '85099FC', '22386V', '22759Z', '22379G', '22629C', '21787C', '21977R', '22489J', '21703M', '22630B', '22865Y', '22551F', '22533C', '22536B', '21121C', '84946F', '22273M', '22866X', '23268O', '22531M', '20668K', '22555O', '21069U', '20971S', '22633V', '84947R', '22385P', '22178V', '22418R', '23199M', '22543G', '22381J', '22149E', '22540W', '22470E', '22492E', '22326L', '21181K', '21928E', '23201S', '22544C', '71477B', '22417M', '22244X', '84879M', '84929V', '85099CQ', '22147L', '22659F', '23206T', '21981M', '48111G', '84991R', '21929W', '22423U', '22714G', '22546L', '21975B', '22632O', '22469S', '21086B', '22791E', '84755J', '22554P', '20724F', '21877C', '84945I', '21790Y', '22534C', '22337H', '21124F', '22335Z', '22336O', '21094A', '21931F', '84997BG', '23205F', '23209X', '22411U', '23275I', '23346H', '23345S', '17003M', '21213V', '22383K', '21871Y', '21080R', '21982Y', '20719E', '21509I', '22151L', '21976M', '16161PA', '22029R', '22961C', '48116K', '20725N', '22969Z', '21733F', '20728Z', '23171H', '20712E', '22985B', '22951B', '23170S', '22952P', '22712N', '23245W', '22367K', '22384W', '22027K', '23231J', '22158K', '22993E', '22382I', '21984W', '85049CP', '22615Z', '22595D', '23084M', '22909Z', '21544W', '21985C', '22467G', '22960K', '23204B', '23203B', '23202Z', '22956D', '23200Y', '84997CQ', '23172Q', '22945X', '20711L', '23293D', '20972O', '22666I', '22242L', '20963G', '22243L', '22741O', '22740K', '22716A', '22570W', '23381G', '21156K', '22245R', '22142B', '22692J', '21980L', '71459J', '23280V', '20727V', '82482D', '84313CE', '23292K', '22661W', '47591DY', '23281Z', '22355U', '22254T', '22096G', '47599AI', '20961S', '22556N', '22553Q', '23297N', '23307D', '23327C', '23340L', '20723U']"
236457,['17003M']
365337,"['21985C', '21982Y']"
364437,['84879M']
264438,['21212D']
164439,['84879M']
463536,['22595D']
467136,['85123AY']
166239,"['85123AY', '22740K']"
565335,"['84988Y', '22910D']"
268038,['84212C']
168039,['84879M']
68040,['21212D']
31959,"['22727B', '85152E', '22961C', '23552T', '23498F', '23497Q', '22457C']"
131958,['22492E']
231957,"['21213V', '84991R', '84992D', '21977R', '21975B']"
331956,"['84992D', '22328M', '21918L']"
211878,['84077K']
67140,['22595D']
366237,"['20713F', '85175B', '84077K']"
133758,"['22727B', '22961C', '22457C', '23497Q', '85152E', '23498F', '23552T']"
233757,['84347V']
135558,"['23115D', '21137F', '84992D']"
335556,['84879M']
569925,"['21977R', '84347V', '84992D', '84879M']"
469926,"['21731V', '22273M', '22355U', '79323BM', '84212C', '21891R', '23117T', '22065D', '72232C', '23209X', '20724F', '21703M', '22440M', '85099BJ', '23203B']"
369927,"['21135E', '82583N', '22727B', '22961C', '85152E', '21703M', '22998M', '22457C', '48187N', '23497Q', '21166I', '82580N', '23552T', '23498F', '20685H', '21790Y', '16219C', '48194E']"
269928,['23343M']
330066,['22197J']
468126,"['84212C', '85099BJ', '22961C', '84879M', '22386V']"
31869,"['16156SH', '21135E', '84879M', '22710N', '21497K', '47556BE', '23232F', '16045M', '21891R', '22610S', '84755J', '22386V', '85099FC', '82583N', '22713C', '22045U', '23233W', '16161UB', '71459J', '85099BJ', '21506J']"
333666,['84879M']
465426,['22740K']
365427,['72232C']
65430,['16045M']
34569,"['16216D', '22740K']"
364527,"['21915K', '20713F', '22086O', '21891R', '22130P', '23077P', '22910D', '22578A', '22386V', '22355U', '23344R', '20668K', '23570W', '22741O', '23581R', '23571G', '22952P', '20724F', '22178V', '22158K', '22151L', '23201S', '62018W', '23203B', '22610S', '20719E', '85099BJ', '84978X', '84946F']"
563625,['22998M']
37269,"['16156SH', '21497K', '22710N', '22713C', '23232F', '21506J', '23233W', '16161UB']"
29169,['22065D']
69030,['22197J']
68130,"['85099BJ', '22386V', '20724F', '23199M', '23209X', '22130P', '23203B', '22355U', '20719E']"
67230,['23084M']
232767,"['85099BJ', '22386V', '85099FC']"
332766,['84077K']
133668,[]
135468,"['15036Z', '21098K']"
335466,['22610S']
336366,"['21915K', '21891R', '22086O', '22130P']"
362727,[]
62730,['85123AY']
570825,['23084M']
370827,['22492E']
229167,['84077K']
30969,['20668K']
163629,"['22469S', '22470E', '21733F']"
63630,['22578A']
236367,[]
272628,['23084M']
172629,['22616B']
227367,['21787C']
271728,['23343M']
171729,"['22065D', '23343M']"
28269,['22616B']
228267,['84879M']
567225,['23084M']
264528,['84879M']
164529,['23084M']
367227,"['21967J', '84879M']"
267228,"['23115D', '23084M', '21137F']"
327366,"['21175V', '22492E']"
473526,['22130P']
373527,['84879M']
576225,['22952P']
323766,"['22578A', '22610S', '23113X']"
333756,"['21915K', '21891R', '22086O', '22130P']"
224667,['84879M']
374427,['21967J']
126468,"['16045M', '16156SH', '22710N', '21497K', '21069U', '22610S', '23232F', '22713C', '21891R']"
72630,['84879M']
277128,"['17096D', '22189I']"
132858,"['84879M', '23233W']"
376227,"['23209X', '22630B']"
276228,"['85175B', '22386V', '85099FC', '85099BJ', '84946F', '22759Z', '22865Y', '23077P', '22130P', '22379G']"
74430,"['21967J', '22492E']"
25569,"['85152E', '23552T']"
478026,"['22985B', '21977R', '21980L', '22629C', '21984W']"
378027,"['22920I', '21620I']"
78030,"['22065D', '22178V', '79323BM', '20668K', '20724F', '22355U', '22030B', '22616B', '17003M', '85099BJ', '23204B', '20719E', '85099FC', '22243L']"
377127,['21108Z']
574425,['22616B']
579015,[]
79020,['22130P']
220977,['71477B']
477216,"['22952P', '22909Z', '22386V', '85099BJ', '23378J', '85099FC', '21981M', '22950F', '23340L', '22130P', '23380Y']"
277218,"['21137F', '23115D']"
177219,['84879M']
122778,['22595D']
222777,['84568Z']
476316,"['22544C', '22546L', '23507E', '23510V', '22489J', '22531M', '22536B', '22540W', '23346H', '23345S', '22533C', '22543G', '22616B', '22630B', '16045M', '22629C', '21731V', '22539E', '21977R', '84929V', '22336O', '22337H', '22335Z', '22158K', '22951B', '22417M', '23292K', '22418R', '22244X', '22534C', '23268O', '23275I']"
376317,['20668K']
76320,[]
575415,['22151L']
175419,"['16156SH', '22710N']"
75420,"['21497K', '16156SH', '22710N', '21108Z']"
374517,"['22920I', '22151L', '21703M']"
225477,"['22629C', '21212D']"
273618,[]
271818,"['21985C', '21982Y']"
171819,['84347V']
28179,[]
328176,['23343M']
138168,[]
511875,['84879M']
501885,[]
480816,"['22544C', '22629C', '22546L', '23507E', '23510V', '22489J', '23346H', '22539E', '22540W', '22543G', '22533C', '22531M', '22536B', '21731V', '23345S', '84929V', '22630B']"
380817,"['85175B', '22618S', '22578A', '22577B', '22560W', '22492E', '22130P', '22111I', '22086O', '21889K', '21876I', '21874B', '21873C', '21791H', '21790Y', '21326V', '21135E']"
280818,['21703M']
180819,['48187N']
78120,[]
377217,['85099FC']
